,adopted_user
9292,N
974,N
5973,N
11817,N
235,N
8978,N
1856,N
1396,N
6926,N
3632,N
1234,Y
6087,N
11366,N
8295,N
4292,N
3697,N
6618,N
7961,N
9421,N
5609,N
7929,N
7241,Y
412,N
11633,N
9480,Y
4817,N
3298,N
10214,N
10744,Y
5179,Y
3008,N
1950,N
2536,N
11315,N
4461,N
5488,N
2087,N
837,N
10438,N
10620,Y
1629,N
2710,N
5555,N
11801,N
2613,N
2153,N
9308,N
10154,N
9004,N
3435,Y
11716,N
51,N
2349,N
7826,Y
7706,Y
8606,N
10101,Y
1378,Y
5115,N
1675,N
7028,Y
6005,N
147,N
8272,N
6051,N
7006,N
1555,N
4457,N
3922,N
1769,Y
7432,N
6036,N
9570,Y
7878,N
5940,N
3641,Y
3680,N
3558,N
11068,N
3557,N
11529,Y
5228,N
6124,N
9569,N
8327,N
2822,N
1803,N
11403,Y
11829,N
7594,N
898,N
8047,Y
6799,N
9063,N
129,N
1502,N
6971,N
8885,N
5553,N
10295,N
11034,N
7380,N
7994,N
8905,N
4402,Y
3992,N
5848,N
5378,N
8515,N
1017,Y
11610,N
6923,Y
7641,N
3852,N
987,N
9162,N
2942,N
5676,Y
168,N
3337,Y
5554,N
11908,Y
10056,N
2679,N
1103,N
8871,N
8491,N
3027,Y
4868,Y
3869,N
6690,N
527,N
7948,N
4245,N
8649,N
10275,N
8378,N
5619,Y
9818,N
10676,N
4,N
1902,N
11939,N
5448,N
2196,N
10230,N
8314,N
4882,N
10618,Y
7662,N
6659,N
8786,N
10166,Y
3071,N
11000,N
8001,N
9729,N
10036,N
1535,N
9836,N
4433,N
5674,N
11127,N
10124,N
8568,Y
3161,N
295,N
4962,N
8983,N
1342,Y
1908,N
10501,N
10541,N
9339,N
9030,Y
2255,N
3057,N
5542,N
1392,N
1070,N
7709,N
5208,N
9620,N
11060,Y
5296,Y
11171,N
3746,N
1355,N
9811,N
8570,Y
1485,N
1079,N
7437,N
9821,N
11500,N
11002,Y
1323,N
4970,N
3178,Y
6806,N
4289,N
11160,N
7422,N
9089,N
7815,N
8571,N
8456,N
4222,Y
9941,Y
5083,N
11985,N
684,N
8157,N
2439,N
6122,N
1939,N
3780,N
975,N
7935,N
8693,N
578,N
11082,Y
4587,N
4736,N
6619,N
6147,Y
5780,N
5022,N
3359,Y
1862,N
4241,N
6398,N
4334,Y
3153,N
2151,N
10037,N
6499,N
11752,N
11812,N
6338,N
3478,N
7881,Y
8555,N
6478,N
2893,N
6419,N
4609,N
805,N
4806,N
9479,N
9966,N
9389,Y
776,N
2837,N
9371,N
1488,N
3709,N
2882,N
9797,N
6612,N
8166,N
9554,N
4885,Y
5164,N
771,Y
4920,Y
3701,N
5954,N
9675,N
6369,Y
3175,N
2976,N
11273,N
2622,N
6379,N
2456,N
7376,N
3013,Y
5339,N
3429,N
8171,N
6519,N
1343,N
11227,N
2981,N
2734,N
11325,N
1598,N
2509,N
7740,N
3698,N
11496,N
9481,N
927,Y
5972,N
2300,N
9971,Y
5713,Y
6133,Y
8455,N
3715,N
9866,N
4365,N
7492,Y
10625,Y
8747,N
1850,N
6928,N
3085,N
9070,N
2841,N
9015,N
11779,N
9899,N
6952,N
5731,N
1075,N
1162,Y
5231,N
10830,N
3160,N
698,N
9369,N
500,N
7276,N
3410,Y
11429,N
1581,N
9681,N
10831,Y
10920,N
8860,N
5669,N
4086,N
11659,Y
4502,N
10010,Y
11021,N
8132,N
5302,N
8765,N
10526,N
4854,N
11217,N
11390,N
8966,N
9717,N
8800,N
5603,N
6697,N
1039,N
9184,N
2762,N
438,N
5932,N
921,N
11986,N
6264,N
6,N
9056,N
5967,N
9067,N
200,N
9801,N
7940,N
1015,N
1283,N
7066,N
3301,N
1612,N
11802,N
504,N
9037,N
5744,N
2142,N
9397,N
324,N
8225,N
5368,Y
8604,N
9395,N
8480,N
11719,N
5101,N
712,N
9795,N
9796,N
2620,N
10378,N
7494,N
3917,N
274,Y
3372,N
10940,N
6960,N
600,Y
6316,N
473,N
2843,N
609,N
5889,N
10679,N
7980,N
3377,Y
3188,N
11658,N
11694,N
779,N
3353,N
7840,N
2270,Y
656,N
5836,N
722,N
10640,N
36,N
5087,N
9442,N
11216,N
6475,N
5735,N
11262,Y
10222,N
11472,N
11961,N
1987,N
4678,N
869,N
9084,N
5797,N
8381,N
2662,N
3369,Y
2539,N
11418,N
328,N
9690,Y
2116,N
4590,N
260,N
6866,N
7029,N
11699,N
9658,N
11634,N
7825,N
10450,N
10119,N
10146,N
9951,N
5589,N
11981,N
11319,Y
6773,N
5742,Y
8826,Y
4276,N
5659,N
11148,N
2652,N
19,Y
2566,N
8906,N
30,N
756,N
6966,N
10485,N
7512,N
11533,N
5294,N
1221,Y
10931,N
11893,N
11911,N
11185,Y
7117,N
5229,N
11598,Y
7766,N
4309,N
6629,N
3227,N
5853,N
5202,N
1152,N
5846,Y
6999,N
6837,N
10921,N
5953,N
9392,N
8772,N
9290,N
3990,N
1766,N
4713,N
8367,N
7615,N
6203,Y
5536,N
1931,N
5911,N
3150,N
5896,N
1250,N
717,N
5048,N
798,N
10593,N
997,N
9424,N
8827,N
72,N
5847,N
4448,N
4954,N
10233,Y
10749,Y
908,N
5974,N
2058,N
2957,N
5314,N
9355,N
3954,N
2166,N
7197,Y
4063,N
7183,N
10440,N
2559,N
10108,N
689,N
7588,N
5001,N
477,N
3313,N
10554,N
6254,N
3560,Y
2881,N
4168,N
2920,Y
2309,N
11745,N
10288,N
5503,N
11076,N
5880,N
6574,N
8426,N
10583,N
637,N
5432,N
6912,Y
947,N
8865,N
11422,Y
9362,N
2190,N
5594,N
1430,N
3529,N
2979,N
4497,N
1614,N
7296,N
11229,N
10266,N
7127,N
11157,N
6938,N
3299,N
2443,N
7848,N
1898,N
7638,N
3627,N
6196,N
7060,N
4253,N
11285,N
8627,N
10157,N
2347,N
9624,N
9333,N
3593,N
6626,Y
4210,N
8722,N
11389,N
11362,N
1811,N
3139,N
6569,N
11153,N
10910,Y
4602,N
3443,N
2146,N
131,N
5533,N
6993,N
2748,N
283,N
5957,N
11316,N
6804,N
2903,N
8110,Y
5579,N
3267,N
8278,N
2249,N
1151,N
9769,N
6636,Y
3988,N
6382,N
4853,Y
2048,Y
501,Y
3255,N
3063,N
3704,Y
6218,N
6440,N
3562,N
8907,N
3714,N
2139,N
7420,N
10410,N
467,N
7402,Y
971,N
1641,N
3980,N
7242,N
11666,N
6362,N
10269,N
525,N
3510,N
5446,N
5803,N
11928,N
2005,N
1864,Y
4583,N
1726,N
3463,N
9736,N
2418,N
7050,N
1150,Y
7695,Y
4078,N
8895,N
2045,N
7629,N
9007,N
6473,N
7675,N
329,N
10395,N
2156,N
9144,N
2799,N
290,N
10467,N
6762,N
5138,N
248,N
1992,Y
9040,N
6698,N
10690,N
2605,N
11784,N
7128,N
3582,N
11727,Y
11676,N
6671,N
10570,N
3084,N
5812,N
1741,N
3882,N
1989,N
10692,N
3666,N
6802,N
472,N
4424,Y
7554,Y
10588,N
142,N
3788,N
2956,N
11836,N
5793,N
2319,N
2538,Y
8251,Y
8161,N
7410,Y
11826,N
10715,N
3959,Y
8508,N
9712,N
11534,N
3814,N
11017,N
3928,N
4323,N
1136,N
4398,N
3029,N
4202,Y
5919,N
3966,N
5806,N
9998,Y
11486,N
10601,Y
6673,N
10938,N
7084,N
10439,N
6173,N
120,N
2565,Y
5489,N
5364,Y
2181,N
5565,N
11751,N
11647,N
3345,N
11967,N
10717,N
5916,N
11303,N
5979,N
3741,N
1258,N
8540,N
10218,N
11367,N
7726,N
1177,N
3708,N
3513,N
2296,Y
9315,N
3044,N
163,N
8042,N
9636,N
1730,N
2813,N
6566,N
10845,N
2416,N
9705,N
5501,N
2273,N
2310,N
4527,N
5062,Y
11070,N
615,N
651,N
4944,N
9957,Y
5724,Y
9059,Y
11537,N
5288,N
5061,N
10289,N
10788,N
6300,N
6740,Y
8877,N
2489,Y
7702,N
2774,N
6951,N
7231,N
7063,N
2143,N
8274,N
7195,N
10460,N
4536,N
2003,N
6954,N
2189,N
4338,N
6296,N
11564,N
10574,N
11856,Y
11290,N
9536,N
832,N
7348,N
9820,N
2430,N
3427,N
9547,N
1946,N
9034,N
2621,Y
11749,N
8830,N
8812,N
1347,N
9753,Y
10097,N
7234,N
1484,Y
6658,N
1760,N
6423,N
5574,N
939,N
297,Y
2339,N
1631,N
4655,N
1527,N
5852,Y
7428,N
1553,N
11842,N
5468,N
6223,N
5063,N
8850,N
682,N
10190,N
6452,N
510,N
423,N
1548,N
9018,N
10234,N
1959,N
9841,N
2752,N
9241,N
7525,N
5089,N
11530,N
3197,N
4447,N
484,N
3903,N
10263,N
10429,Y
2380,N
9689,N
3004,N
3105,N
5318,N
4435,N
6143,N
3567,N
244,Y
3807,N
6188,N
7487,N
135,N
11978,N
3362,N
5883,N
9344,Y
2294,N
8717,N
9788,N
4695,N
9783,N
9393,N
3500,N
6712,N
1311,N
1988,N
11807,N
11112,N
7199,N
4517,N
5225,N
11156,N
11260,N
6176,N
9065,N
2887,N
881,Y
9947,Y
5958,N
10088,N
11735,N
1635,N
3351,N
2212,N
11670,Y
660,N
9430,N
7645,N
10790,Y
5049,N
5457,N
11195,N
6818,N
7,N
5601,N
4698,N
4261,N
3468,N
10153,N
7968,N
6215,N
8668,N
1662,Y
1077,N
4359,N
1698,N
3610,N
10384,N
10858,N
1475,Y
10312,N
7777,N
11899,N
6061,N
9986,N
9298,N
8248,N
7479,N
9088,Y
6979,N
2007,N
8481,N
1146,N
588,Y
6883,N
5629,N
5805,Y
10738,N
1423,N
5644,Y
8122,N
8887,N
4259,N
10704,N
1561,N
7111,N
5167,N
5154,N
7323,N
11476,N
2631,N
1225,N
1445,N
6095,Y
10145,N
1052,N
9832,Y
4191,N
11108,N
5600,N
8068,Y
9922,N
3231,Y
10888,N
9079,N
9013,N
9819,N
5782,N
1712,N
321,Y
7330,N
4581,Y
4389,N
1974,N
3999,N
1088,Y
8479,N
11123,N
5702,N
3274,N
9605,N
5591,N
9758,N
9849,Y
848,N
10892,N
6878,N
4125,N
10645,N
9622,Y
5502,N
3108,N
10538,N
11193,N
8883,Y
4236,N
4304,N
4227,N
7744,N
6432,N
8012,N
8931,Y
1292,N
462,N
1944,N
5220,N
7015,N
4932,N
7570,N
6987,Y
9189,N
9993,Y
10782,N
6163,N
4720,N
6096,N
1375,N
11154,N
8581,N
6715,N
4486,N
7002,N
11436,N
8706,N
11414,Y
3393,N
11679,N
5918,N
8828,N
6807,N
586,N
7664,N
9354,N
3696,N
7339,N
1368,N
6943,N
3052,Y
4369,N
4618,Y
11299,Y
9938,N
9378,N
8680,N
6292,Y
4768,N
10846,N
4090,N
5027,N
8264,Y
9883,N
679,Y
7341,N
6350,N
10444,N
10726,N
4510,Y
5873,N
7451,N
9539,Y
7484,N
8092,N
1282,N
11080,N
278,N
1232,Y
3458,N
7139,N
6632,Y
1220,N
6346,N
7628,N
2995,N
4052,N
1364,N
9171,Y
5422,N
3703,N
1879,N
8032,Y
8420,N
8813,N
2089,N
7622,N
9199,N
1165,N
9363,N
7824,N
2484,N
1737,N
6888,N
5759,N
9779,N
7213,N
3295,N
10672,N
11145,N
11934,N
4719,Y
9529,N
10212,N
7457,N
5356,N
7514,N
6622,Y
2879,N
1545,Y
4760,N
1705,N
514,N
10199,N
2281,Y
9731,N
11661,Y
1706,N
291,N
8147,N
9989,N
93,N
6899,N
25,N
8534,N
5304,N
7292,N
6407,N
10522,Y
9139,N
4738,N
11504,N
7329,N
8794,N
2256,N
9448,N
780,N
782,Y
11228,N
9000,N
11242,N
1727,N
10803,N
876,N
9670,N
6570,N
9153,N
8816,N
11395,N
1932,N
8590,N
10121,N
4109,N
2399,Y
1235,N
4660,N
11959,N
4164,N
4844,N
5181,N
11740,N
2853,N
6777,N
7444,N
3322,N
1743,N
9725,N
7656,N
2888,Y
11870,N
3504,N
6944,N
10877,N
750,N
6204,Y
10791,Y
8463,N
11232,N
5865,Y
11011,N
10617,N
4471,Y
8173,N
1064,N
8350,N
10646,Y
7801,N
2070,N
2110,Y
2187,N
1447,N
7545,N
10084,N
7131,N
4207,Y
3786,N
9578,N
8771,N
1753,Y
11100,N
1906,Y
1269,N
11251,N
10906,N
6079,N
5031,N
11729,Y
3330,N
6905,N
5596,N
9175,N
10642,N
1529,N
2523,N
4865,N
4175,N
2231,N
530,N
6267,N
10649,N
11283,N
1853,N
6682,N
8818,N
10374,N
10204,N
6874,N
9722,N
4505,N
6393,N
10818,N
1804,N
8375,N
123,N
8749,Y
3971,N
2411,N
4692,N
8955,N
9285,Y
3332,N
3072,N
9740,N
7684,N
4012,N
5497,N
5931,N
4976,N
8262,N
4088,N
4128,N
6026,N
11852,N
10055,N
2883,N
8460,N
4000,N
10111,N
11343,Y
9826,N
7767,N
8884,N
9412,N
3318,N
7998,N
5126,Y
8551,N
6262,N
7592,N
1456,N
4092,Y
159,Y
1952,N
11065,N
3998,N
6657,N
11864,N
841,N
10283,N
7130,Y
5134,N
2350,N
227,N
11830,N
7903,N
3271,N
10331,Y
7302,N
6759,N
4201,N
6247,N
9942,N
7499,N
603,N
2522,N
1937,N
1458,N
1163,N
1542,N
8588,N
8153,N
11036,N
3779,N
1886,N
10597,N
11945,N
5686,N
5528,N
787,N
2709,N
10962,N
2134,N
1338,Y
8735,N
2988,N
4371,N
3363,N
5157,N
10591,N
6126,N
1102,N
10315,Y
4577,N
2200,Y
1585,N
5396,Y
11573,N
10685,N
11439,N
11957,Y
5520,N
5599,Y
538,N
10665,N
10446,Y
6384,N
10272,N
11645,N
3327,N
1718,N
8694,Y
10370,Y
8633,N
3391,N
254,N
4213,N
1056,N
10478,N
3906,N
3773,Y
10668,N
2414,N
6430,N
11214,N
1201,Y
990,N
5056,Y
8035,N
4441,N
4165,N
4938,N
9745,Y
11795,Y
770,N
3037,N
460,N
2039,N
9295,N
1983,N
5331,N
8738,N
5828,N
10823,N
10890,N
7937,N
4098,N
9152,N
5909,N
11301,N
4748,N
1382,N
8744,N
9111,Y
3808,N
4331,N
4955,N
8509,N
5230,N
4252,N
4676,N
6925,N
7576,N
6445,N
11527,N
11759,N
10867,N
5568,N
8244,N
508,Y
9357,Y
7679,N
5871,N
7294,N
8552,Y
6255,N
7542,N
9450,N
5750,N
5493,Y
845,N
1411,N
3981,N
11819,N
6984,N
6580,N
984,Y
4134,N
5899,Y
1336,N
556,N
1517,N
4732,N
11922,N
6118,N
11397,N
3968,N
1038,N
3690,N
5401,N
5738,N
493,Y
2027,N
7674,N
11457,N
8623,N
8400,Y
9930,N
7441,N
5617,N
1920,N
11479,N
4443,Y
11272,Y
6426,Y
2483,N
8511,N
1999,N
625,N
7786,N
2375,N
11933,N
4056,N
607,N
9550,N
9181,N
8010,N
69,N
9526,N
10548,N
2682,N
11051,N
9268,Y
835,N
2162,N
4900,N
5707,N
8667,N
11365,N
2911,N
11835,Y
4470,N
2861,N
8468,N
6557,N
9028,N
9851,Y
10720,N
5827,Y
3374,N
5241,N
8912,N
2230,N
659,N
4135,N
166,N
9695,N
11894,Y
8767,Y
4139,Y
10655,Y
9113,N
9,Y
144,N
9173,N
1596,N
6068,N
337,N
2232,N
10669,N
11085,Y
7011,N
7171,Y
10388,N
109,N
6533,N
9074,N
11010,N
2495,N
9654,N
3232,N
11006,N
10706,N
2055,Y
4242,Y
2586,Y
3082,N
7613,N
6356,Y
1754,N
5763,N
2358,N
2726,Y
4070,N
8419,N
8611,N
3168,N
7971,N
8665,N
11608,N
6621,N
11539,N
5357,N
10403,N
9552,N
5691,N
9953,N
621,N
10317,N
2694,N
878,N
2360,Y
9490,N
33,N
2518,Y
7059,N
5137,N
3950,N
5946,N
9260,N
6830,N
2845,N
5822,N
797,N
3896,N
8529,N
6244,N
5976,Y
6708,N
8076,N
9537,N
3524,Y
6146,N
7571,Y
10568,N
8485,N
808,N
10380,N
10736,Y
1236,N
9904,N
5402,N
4258,N
3466,N
3257,N
11149,N
8435,N
4310,N
4843,Y
7190,N
9771,N
8523,N
10497,N
10434,N
4739,N
10540,N
8614,Y
9925,N
3279,Y
1827,N
6541,N
138,N
3196,N
46,N
3115,N
1929,Y
9404,N
5485,N
2674,N
6057,N
10323,N
11876,N
2572,N
2847,N
8789,N
1306,N
10174,N
243,N
5372,N
2457,N
2534,N
28,N
213,Y
4708,Y
445,N
7532,N
1377,N
7226,N
5376,N
3481,N
5424,N
4341,N
11226,N
11491,N
2026,N
2656,N
2895,N
11639,N
4353,Y
10842,Y
9196,N
1297,N
8797,N
9309,N
6901,N
8557,N
2660,N
882,N
6242,N
2670,N
4008,Y
10419,N
8780,N
3644,N
7249,N
5811,N
9961,N
11410,N
891,N
8823,N
9010,Y
1994,N
5093,N
3228,N
9614,Y
1166,N
8621,Y
10639,N
2654,N
10535,N
9837,N
3123,N
4725,N
9549,N
1255,N
10022,Y
2465,N
10476,N
11992,N
122,N
1644,N
10626,N
11702,N
5915,N
9416,N
10711,N
8875,Y
10521,N
10009,N
4157,Y
4724,N
831,N
320,Y
10905,N
4274,N
6333,N
5869,N
1554,Y
8221,N
8851,N
1055,N
249,N
9422,Y
9778,N
4700,N
10585,N
6974,N
2148,N
7181,N
8239,N
3122,N
4630,N
7579,N
1624,N
10155,N
5221,N
2854,N
2155,N
11322,N
6655,N
6271,N
8904,N
5248,N
7473,N
4172,N
4272,N
7495,N
10623,N
4423,N
300,N
2964,N
3802,N
5326,N
451,N
9544,N
5235,N
812,N
9277,N
823,N
2869,Y
5106,N
7435,Y
10516,N
9390,N
4763,N
10958,N
8817,N
1619,N
5257,N
735,N
3725,N
3467,N
9191,N
9909,N
4014,N
9304,N
9275,N
10063,N
7419,N
1448,N
4155,Y
9051,N
2276,N
5947,N
769,N
7235,N
580,N
6992,Y
11053,N
11380,N
3091,N
8889,N
11056,N
352,N
3347,N
7607,Y
5858,N
10187,N
618,N
11772,Y
8924,N
7083,N
11279,N
1132,N
4080,N
11626,Y
1202,N
6291,N
9301,N
4981,N
63,N
4025,N
8941,N
10778,N
4163,N
8303,N
3269,N
4332,N
10828,N
10360,N
11523,N
8655,N
5628,N
7518,N
5479,N
11882,N
5922,N
7001,N
2004,N
9512,N
7233,N
9824,Y
1582,N
4643,N
11026,N
626,Y
6450,N
7228,N
10387,Y
6547,N
1521,N
1357,N
11954,N
97,N
7521,N
3278,N
1361,N
6963,N
573,N
8674,Y
11622,N
2608,N
5102,Y
11179,N
3406,N
91,N
9653,N
9564,N
5490,N
1783,N
2390,N
6728,Y
8556,N
8279,Y
6185,N
9095,N
2931,N
7912,N
11773,N
6808,N
11371,N
11906,N
10647,N
1941,N
7052,N
10841,N
5188,N
1472,N
5336,N
5045,N
923,N
964,N
359,N
2071,N
6642,N
8726,N
7072,N
6066,N
7067,N
10354,Y
7056,N
2596,N
2907,N
10039,N
918,N
11930,N
9249,N
5998,N
2997,N
11320,N
11808,N
3646,N
5219,N
5720,Y
9168,N
7407,N
5369,N
1180,N
11040,N
8189,N
6243,N
5495,N
10356,Y
5390,N
3016,Y
3612,N
3629,N
3943,N
10916,N
7114,N
9044,N
4178,N
10074,N
3242,N
6522,N
2641,N
6397,N
2125,N
8631,N
1907,N
11888,N
4771,N
1363,N
5043,N
7965,N
6586,N
9257,N
612,N
2168,N
9215,N
7803,N
5405,N
7175,N
2939,N
4948,N
5139,N
8301,N
7657,N
8164,N
4706,N
310,Y
7287,N
9326,N
8135,N
10311,N
708,N
292,N
215,N
65,N
1360,Y
6845,N
2184,N
6559,N
4034,N
10776,N
6114,N
10057,N
821,N
8300,N
6913,Y
2908,N
6275,N
6751,N
5140,N
8926,N
7557,N
5860,Y
3676,N
6289,N
9053,N
8832,N
10031,N
11963,Y
88,N
6230,N
8155,Y
3100,N
6286,N
1490,N
8396,N
860,N
9950,N
5900,N
3171,N
234,N
6748,N
3110,N
7245,N
5615,N
4594,N
8006,N
6415,Y
6871,N
5400,N
9937,N
66,N
3048,N
9399,Y
5440,Y
4757,N
4120,N
11482,N
9400,N
819,N
3691,N
847,N
3023,N
6290,N
3728,N
5408,N
2860,N
10081,N
6354,N
550,N
10117,Y
10256,N
5249,N
8360,N
8719,N
4099,N
7780,N
9958,N
3138,Y
8467,N
9628,N
7448,Y
2384,N
1657,N
3735,N
9918,N
10213,N
880,N
9825,N
2699,N
389,N
3146,N
9733,N
5051,N
11839,N
3909,N
6207,N
6514,N
2015,N
4071,N
4264,N
2453,N
1116,N
10369,N
8610,N
6735,N
11207,N
6694,N
10762,Y
2973,Y
6605,N
6833,N
9008,N
6214,N
1182,N
5753,N
4324,N
3721,N
5961,N
3576,Y
5523,N
5685,N
3020,N
5242,Y
7454,N
10809,N
1080,N
4469,N
7687,Y
356,N
10402,N
10306,Y
4280,N
1290,N
8584,N
10662,Y
4543,N
11245,N
3349,N
9022,N
4761,N
2361,N
3321,N
10884,Y
7707,N
107,N
4506,N
2131,N
5516,N
11977,N
3014,N
9380,Y
6523,N
10725,N
3536,N
6406,N
10536,N
5830,N
443,N
8250,N
7508,N
3862,Y
8979,N
9248,N
5789,N
2611,N
10968,N
11364,N
9599,N
4810,N
10632,N
10326,N
738,N
9603,N
1178,N
7030,N
998,N
3075,Y
7465,N
1263,N
10379,N
414,N
3512,N
6156,N
9076,N
3219,N
5000,N
3334,N
8194,N
1276,N
10499,N
7646,N
1609,N
11018,N
4644,N
11520,N
10365,N
8102,N
5370,N
6303,N
8097,N
9387,N
8699,N
1384,N
4635,N
6441,N
9558,Y
11905,N
3970,N
10181,N
1243,N
7252,N
5839,Y
10362,Y
7812,Y
11726,N
7504,N
1274,N
7522,N
3098,N
126,N
9640,Y
1984,N
2870,N
11607,N
5569,N
9513,N
11840,Y
1389,N
6337,N
4162,N
6768,N
5123,N
2322,N
8208,N
11090,N
5122,N
9042,N
9003,N
4833,N
608,N
8663,N
11311,N
10727,N
7493,N
11387,Y
6077,N
1190,N
354,N
3873,N
4601,N
10137,N
10293,N
8585,N
3914,Y
9637,N
296,Y
11055,Y
2379,N
7610,N
2426,N
2792,N
4392,N
6890,N
2422,N
1800,N
4879,N
6647,N
10613,N
5673,N
230,N
1895,N
7042,N
11342,N
5530,N
11030,N
2521,N
6190,N
11652,N
4481,N
10281,N
3282,N
7875,N
11348,Y
2731,N
11512,N
2880,Y
611,N
3825,N
10083,N
9104,N
8281,N
7975,N
3078,N
2729,N
6904,N
3488,N
5067,N
1398,N
4534,N
1465,N
6537,N
7461,N
11618,N
10908,N
2471,N
9800,N
6084,N
1167,N
9916,N
6439,N
8855,N
4344,N
3388,Y
732,N
9630,N
10488,N
1442,N
1194,N
11431,N
10650,N
9464,N
11678,N
7119,Y
6076,N
6149,N
678,Y
2573,N
1584,N
8030,Y
3762,N
10747,N
3065,Y
339,N
9741,Y
3320,N
7366,N
10972,N
5373,N
2776,N
9230,N
5593,N
4347,N
9890,N
6038,N
4788,N
4547,N
4985,N
10191,N
2568,Y
8411,N
7820,N
5469,N
1541,N
711,N
6650,N
8258,Y
8029,N
10950,N
171,Y
4286,N
9960,Y
9910,N
811,N
11104,N
5267,N
5227,N
1650,N
8192,N
2645,N
2062,N
6654,N
99,N
2688,N
490,N
2697,N
11953,N
4648,N
631,Y
4753,N
9728,N
8873,N
11553,N
2902,N
7564,N
10465,N
11209,N
5385,Y
1123,Y
6325,N
11972,N
6235,Y
4687,N
220,N
6082,N
1953,Y
11008,N
10184,N
7098,N
1309,N
311,N
378,N
5581,N
5256,N
3480,Y
2366,N
9488,N
7874,N
9058,N
594,N
3747,N
4674,N
3235,N
5677,N
2667,N
5442,N
7387,N
10002,N
5354,N
4474,N
10957,Y
8282,N
1217,N
7102,N
7863,N
6472,N
9878,N
11875,N
11546,N
5382,N
3925,N
151,N
7350,Y
2531,N
8854,N
2885,Y
7897,N
3216,Y
9236,N
2287,N
7864,N
4260,N
11386,N
9409,N
5804,N
2479,N
10345,N
1449,N
8489,N
11286,N
3003,N
165,N
5809,N
11099,Y
3830,N
8723,N
10730,N
8337,N
9858,N
10003,N
7086,N
4068,N
9452,N
8211,N
7146,N
10967,N
1893,N
2541,N
7644,N
1627,N
3568,N
11845,N
10109,N
2,N
10228,N
3878,N
7602,N
6710,N
4230,N
2448,N
9340,N
8876,N
10503,N
11487,N
3390,N
10198,Y
2739,N
8284,N
3885,N
7759,Y
1825,N
10011,N
8987,N
9683,Y
112,N
2540,N
5929,N
7074,N
3899,N
4669,N
5060,N
8259,N
2655,N
6572,N
3010,N
1416,N
11816,N
4095,N
8052,N
6320,Y
2582,Y
3192,Y
11823,N
3549,N
3250,N
10594,N
7888,N
4775,N
9881,N
7692,N
10829,N
6253,N
5543,N
6377,N
9282,N
1820,Y
3248,N
4597,N
8324,N
1900,N
641,N
4321,N
11916,N
5143,N
10586,N
6006,N
10549,N
231,N
1278,N
3354,N
11638,N
1605,N
1013,N
2745,N
8245,N
9518,N
11044,N
7382,N
1313,N
1418,N
6182,N
11235,N
1785,Y
2989,N
4325,N
4663,N
9276,N
4197,N
9459,N
3564,N
5274,N
5539,N
2043,N
5243,N
9970,N
7215,N
3584,N
8563,N
1106,Y
9908,N
581,N
4557,Y
5634,N
4599,Y
3938,N
7363,N
6918,N
3799,N
10835,N
5032,N
7391,N
8492,Y
6174,N
2606,N
2037,Y
9812,N
2865,Y
3215,N
5394,N
11337,N
2468,N
2910,N
9939,N
7580,N
3760,N
4830,N
1889,N
11374,N
2355,N
9595,N
2717,N
9623,N
6008,N
8193,N
4945,N
10687,N
148,N
11766,N
2406,N
897,N
6875,N
7191,Y
557,N
4598,N
9145,N
5886,N
5180,N
1956,N
7887,N
1443,N
7075,N
8355,N
3787,N
6961,N
9456,N
4826,N
9077,N
6455,N
11420,Y
9135,N
11254,N
8733,N
785,Y
10094,N
3002,N
5859,N
1652,N
10879,N
11015,N
4373,N
2165,N
10128,N
5571,N
2706,N
8374,N
10352,N
5191,N
4390,N
833,N
7396,N
6160,N
5104,N
1477,N
7738,N
11591,N
7148,N
2117,N
5019,N
6819,N
4765,N
4821,N
2721,N
10760,N
110,N
3368,N
9931,N
2832,N
4512,Y
8061,N
5245,N
3933,N
6352,N
7964,N
10525,Y
6907,N
2851,N
5851,N
10773,N
3893,N
11581,N
10943,N
834,N
2818,N
4493,Y
814,N
952,Y
6781,Y
9521,N
9261,N
10086,N
4823,Y
2396,N
4189,N
9123,N
2675,N
4451,N
8516,N
5687,N
5014,Y
11062,N
9187,N
9453,N
114,N
4624,Y
1473,N
2548,N
2282,N
2949,N
7223,N
2555,N
2082,N
9900,Y
331,N
2594,N
8625,N
1651,N
7911,N
3173,N
2385,N
9805,Y
8451,N
387,N
4633,N
8210,N
8150,N
6949,N
3461,N
1085,N
3214,N
2833,N
3606,N
7989,N
2077,Y
8736,N
7890,N
6309,N
5282,N
3218,N
11596,N
5854,N
3654,N
8806,N
2984,N
10731,N
7857,Y
7796,N
662,N
5549,N
199,Y
9643,Y
11259,N
8348,N
4513,N
9581,Y
1713,Y
8046,N
6003,N
1858,N
11174,N
2057,N
8471,N
2633,N
2768,N
4290,N
6529,N
5464,N
11258,N
9584,N
7485,N
2170,Y
2228,N
9086,N
8242,Y
8125,N
1120,N
9757,N
4584,N
6153,N
8543,N
3599,N
3244,N
444,Y
3960,N
3963,N
3634,N
8172,N
418,N
6119,N
3157,N
8033,Y
67,N
11708,N
2438,N
1186,N
7983,N
173,Y
7861,N
2775,N
11381,N
191,N
3660,N
2659,N
6305,N
2301,N
4829,N
506,N
3230,N
6504,N
1358,N
8652,N
10017,N
5800,N
4240,N
5984,N
2797,Y
10927,Y
8323,N
8896,N
1566,N
9662,N
627,Y
3548,N
7930,N
10489,N
9379,N
10173,N
404,N
10911,N
9932,N
1226,N
11673,N
7118,N
2749,Y
505,Y
9789,N
7547,N
9969,N
6186,Y
3418,N
5835,N
2295,N
3455,N
695,N
10584,Y
3042,N
5777,N
6142,N
8512,N
9534,Y
1346,N
4026,N
1538,N
9967,Y
9666,N
1101,N
11023,Y
9699,N
455,N
960,N
8186,N
6914,N
3764,Y
5511,N
8384,N
5813,N
5073,N
10182,N
2321,Y
5723,N
9234,N
6646,N
6684,N
431,N
2604,N
11853,N
9462,N
5350,Y
8016,N
7823,N
6582,N
1376,N
11902,N
10098,N
10014,N
5321,N
6609,N
3088,N
1815,Y
2819,N
6111,N
2836,N
7993,N
10556,N
298,N
3021,N
4631,N
3884,N
3400,N
3281,N
2409,N
1040,N
3491,N
1471,Y
5956,N
9734,N
3194,N
7670,N
3962,N
3093,N
5283,N
6195,N
1588,N
1544,N
2983,N
6997,Y
3043,N
7642,N
77,N
5121,N
5532,N
3555,Y
3845,N
7166,N
1060,Y
6117,N
10167,N
2060,N
713,N
253,N
8758,N
4186,N
1289,Y
57,N
9131,N
3556,N
188,N
456,N
7790,N
1563,N
2141,N
11423,N
7925,Y
3404,Y
4905,N
4327,N
6477,N
11373,N
3344,N
1764,N
10059,N
4542,N
8390,N
1735,N
1121,N
3397,N
9935,N
1668,N
10044,N
3180,N
37,N
8448,N
7360,N
2753,N
10248,N
11822,Y
8170,N
10133,N
11722,N
2533,N
4975,N
2205,N
2072,Y
11300,N
6329,N
10028,N
5903,N
6903,N
10073,N
4485,N
2095,N
8222,N
9575,N
3595,N
2128,Y
2354,N
1849,N
8123,N
1524,Y
4388,N
2486,N
2643,N
8493,N
3944,N
11094,N
8687,N
10902,N
10759,N
11293,Y
3607,N
1720,N
2824,N
11755,N
201,Y
8056,N
87,N
393,N
533,N
11314,N
3859,N
3624,N
1090,N
308,N
3519,N
1063,N
10883,N
3102,N
9092,N
6826,Y
9271,N
6665,N
10789,N
5264,N
3977,N
7353,N
3987,N
9923,N
5474,N
10020,N
4487,N
11863,N
6328,N
9101,N
1642,N
4305,N
4819,N
11644,N
7520,N
10268,N
7596,N
10007,N
8829,N
9258,N
7701,N
5881,N
4977,N
10255,N
8992,N
1610,N
11281,N
6821,N
9238,N
2135,N
2211,N
11736,N
1459,N
11646,N
3739,N
10412,N
6674,N
4475,N
1321,N
7100,Y
2462,N
9426,N
1839,N
8464,N
1865,N
6630,N
5486,N
7618,N
3018,N
6200,N
5519,N
2678,N
6947,N
4887,N
8630,N
3726,N
4836,Y
5524,N
5358,N
5790,N
2316,N
6389,N
3675,N
7309,N
2651,N
1714,N
2311,Y
1351,N
7817,Y
4786,N
3465,N
4521,N
5444,Y
3722,N
1387,N
9744,N
10654,N
794,N
11173,N
2834,N
8357,N
1271,N
7713,N
4021,Y
4384,N
1462,N
4409,N
5845,N
8506,Y
10832,Y
3163,N
634,N
3039,N
3798,N
1801,N
9183,N
788,N
7113,Y
11969,N
11434,N
9209,N
9661,N
2693,N
314,N
5262,N
8569,N
11264,N
10254,N
9208,N
8160,Y
9305,Y
10844,N
2874,N
10812,N
2336,Y
9711,N
415,N
5097,N
10573,Y
4156,N
11936,N
2779,N
9405,N
9976,N
4569,N
6577,N
7044,N
3620,N
4675,N
10447,Y
10259,N
1331,N
6421,N
8593,N
6335,N
8417,N
3804,N
2585,N
7134,N
10793,N
5643,N
4382,N
9210,N
931,Y
8112,N
11361,N
1673,N
7835,N
8795,N
4689,N
7599,Y
9177,N
3190,N
2208,N
7807,N
8116,N
11324,N
411,N
10915,N
2206,N
2229,N
2793,N
7924,N
11665,N
2223,N
1303,N
9312,N
8640,N
10631,N
8217,N
1949,N
3650,N
4546,N
9214,N
6788,N
7694,N
3179,Y
4284,N
4015,N
2016,N
752,N
2236,N
10202,N
11846,N
4824,N
5499,N
31,N
10095,N
7386,N
10226,N
10341,N
11495,N
8358,N
10946,N
3508,N
90,N
584,N
4378,N
1301,N
5769,N
979,Y
2389,Y
92,N
1855,N
699,N
7899,N
8809,N
5397,N
5509,N
3015,N
76,N
9303,N
2900,N
5608,Y
7986,N
10065,N
10168,N
11525,N
6022,N
3505,N
2487,N
6336,N
7672,N
6722,N
889,N
10977,N
3360,N
10619,N
2147,N
10562,N
4795,N
8304,N
4490,N
233,N
7510,Y
10686,N
8220,Y
7281,N
10314,N
6900,N
4209,N
8661,N
11593,N
2614,Y
2368,N
9817,N
10277,N
5009,N
4515,N
1957,N
5612,N
6721,N
9702,N
4664,N
2763,N
8792,N
6121,N
4203,N
1216,N
967,N
8195,Y
5173,N
5606,Y
9732,N
7931,N
3007,N
5556,Y
434,N
8648,N
6102,Y
5033,N
8709,N
8940,N
11682,Y
10941,N
11278,N
2357,N
7802,N
3486,N
6055,N
2773,N
1373,N
10372,N
8185,N
4367,N
4620,N
4909,N
4020,N
4141,N
11039,N
3118,N
5585,Y
9072,N
5557,N
10046,N
704,N
2612,N
1011,N
3482,N
3032,N
8013,N
9602,N
11599,Y
7785,Y
10243,Y
10636,N
7248,N
1257,N
10732,N
9651,Y
9782,N
1050,N
11498,N
8982,N
7089,N
568,N
9197,N
6144,N
8760,N
3489,N
5453,N
10368,N
6458,N
10656,N
1817,N
9318,N
10209,N
4832,N
919,N
1613,N
8391,N
9551,N
3797,N
7589,Y
5864,N
6727,N
6443,N
4972,N
1647,N
6088,N
11738,N
10572,N
1403,N
10188,N
3170,N
167,Y
9078,Y
694,N
11197,Y
5547,N
8899,N
6257,Y
9815,N
2376,N
5560,N
74,N
10779,N
8956,Y
10814,N
4888,N
3765,N
5320,N
1847,N
5261,N
203,N
7253,N
4564,Y
935,N
3417,N
7335,N
3758,N
1390,N
9601,N
11857,N
507,N
3258,N
204,N
4912,N
4730,N
733,N
5015,N
7141,N
2325,N
4694,N
7459,N
9906,N
4287,N
6561,N
4159,N
8371,N
9266,N
7555,Y
675,N
4158,N
11904,N
4439,N
11124,N
9499,N
11841,N
2828,N
10126,N
11133,N
3086,Y
7337,N
9475,N
7027,N
11603,Y
645,N
7844,N
517,Y
7345,N
448,N
9151,N
11935,N
8942,N
6386,N
9434,Y
5403,N
3724,N
968,N
6858,N
2220,N
10062,N
3622,Y
9240,N
1203,N
7136,N
9700,N
7729,N
6281,Y
6130,N
9398,N
11049,N
5166,Y
4509,N
1048,N
7264,N
11547,N
8111,N
4899,N
11996,N
6716,N
6936,N
9742,N
909,N
10246,N
8888,N
4943,N
5161,N
9311,Y
4130,N
6212,N
7412,N
11089,N
11191,N
9886,N
9721,Y
9166,N
5760,N
7024,N
441,N
9844,Y
544,N
4570,Y
429,Y
2732,N
5721,Y
4121,N
11730,N
1286,N
3331,Y
5029,N
1233,N
9336,N
10707,Y
934,N
1379,N
531,N
10696,N
6872,N
9201,N
9945,N
10159,N
1570,N
1960,N
10024,Y
9149,N
7087,N
6326,N
6344,N
6701,N
5981,N
9429,N
5466,Y
5920,N
7769,N
11121,N
9694,Y
7627,N
8321,N
486,N
5949,Y
9531,Y
5693,N
4196,N
3092,Y
10371,Y
7038,N
8544,N
6099,Y
5978,N
10393,Y
7439,N
11007,N
9667,N
11455,N
8565,N
3425,Y
11426,N
10821,N
4520,N
10796,N
5458,N
2338,Y
2099,N
11901,Y
1745,N
11535,N
4401,Y
3547,N
10498,N
1407,N
11919,Y
3861,Y
3876,N
11877,N
7272,N
4721,N
6786,N
5192,N
6046,N
9073,N
4939,N
8697,N
5075,N
9924,Y
5834,N
10164,N
1404,N
10756,Y
7776,N
3679,N
6553,N
6648,N
1479,Y
4849,N
8713,N
1623,Y
4774,N
71,N
5278,N
6277,N
1744,N
5204,N
6921,Y
2364,N
8658,N
4270,N
3608,Y
2363,N
1119,N
5671,N
6234,N
8763,N
9834,N
5945,N
11723,N
3518,N
4072,N
11758,N
6513,N
9538,N
11033,N
6753,N
498,N
5325,N
6856,N
1683,N
8748,Y
10834,N
8670,N
3895,N
9983,N
7856,N
2261,N
549,N
11704,N
7446,N
3636,N
3628,N
7321,N
3870,N
9765,N
9777,N
6687,Y
10156,N
5163,N
41,Y
6536,N
2351,N
4055,N
6023,N
9017,N
11923,Y
1934,N
9860,N
7088,N
8365,Y
5053,N
4154,N
11177,N
3707,N
11615,N
1031,N
6159,N
8975,N
7047,N
981,N
6388,N
10833,Y
3472,N
11619,N
11780,N
402,N
6078,N
6058,N
1910,N
521,Y
5210,Y
8673,N
11047,N
9465,N
1991,N
1887,N
7184,N
5431,Y
338,N
3664,N
1147,N
8791,N
11475,N
11063,N
8156,N
829,N
11800,Y
5879,N
2924,N
2408,N
2222,N
1305,N
323,N
5365,N
4846,N
5551,Y
11506,N
5090,N
8573,N
4066,Y
4214,N
5829,Y
4312,N
11446,N
82,N
1054,Y
11019,N
8901,N
9024,N
10284,N
1295,N
10881,N
4022,N
11057,N
901,N
9179,N
558,N
9106,N
4567,N
6543,N
2636,N
5142,N
7129,N
11326,Y
10919,N
11820,N
3329,N
3942,N
9510,N
9560,N
8106,N
10518,Y
4477,N
8081,N
9726,Y
6246,N
6857,N
5020,N
1649,N
1495,N
8641,N
4672,N
4131,N
5223,N
225,N
5514,N
11208,N
3738,N
8892,N
7090,N
8524,N
4193,N
1809,N
6927,N
10784,Y
10721,N
1625,N
3183,N
9563,N
7379,Y
5821,N
528,Y
5284,N
470,Y
145,Y
1332,N
11602,N
11199,N
11116,N
206,N
8055,N
10529,N
9999,N
9571,N
11182,N
3495,N
11576,N
6233,N
5681,Y
11378,Y
5705,N
5416,N
6413,N
6617,N
7858,Y
10207,N
8267,N
3534,N
5471,N
9005,N
496,Y
9473,N
3514,N
1139,N
2737,N
9226,N
10061,Y
11885,N
2878,N
2716,N
5510,N
4333,N
5689,N
5563,N
7453,N
11548,N
3594,N
12,N
2429,N
1587,N
6217,N
2785,N
9594,N
7527,N
5155,Y
3864,N
6151,Y
7902,N
6431,N
162,N
8495,N
5392,N
3520,N
11340,Y
7430,Y
7509,N
3249,N
1229,N
7990,Y
9946,Y
11643,N
9982,N
8475,N
1074,N
11328,N
7893,N
4042,Y
4194,N
1571,N
9509,Y
8128,N
10406,N
3828,N
1072,N
4607,N
273,N
6209,Y
9382,Y
5695,N
1599,N
736,N
9703,N
10850,Y
1891,N
8434,Y
7020,N
1843,N
11356,Y
366,N
4298,N
6493,N
1648,N
5616,N
10875,Y
613,N
5546,Y
5526,Y
7649,N
9920,N
8226,N
1951,N
1096,N
4143,N
1840,N
10303,N
716,N
288,N
3263,N
11559,N
4681,N
1324,N
8894,N
4735,N
11794,N
1936,N
6177,N
2225,N
181,N
11706,N
11869,N
9752,N
6706,N
6576,N
10566,N
3831,Y
7583,N
1467,N
1791,N
8798,N
8998,N
10979,N
8232,Y
1111,N
2932,N
8198,N
8184,N
10344,N
1749,N
157,N
2144,N
6372,N
4328,N
4422,N
4479,N
828,N
10150,N
2757,N
2029,N
6848,N
5762,N
6410,N
11376,Y
1128,Y
5338,N
5003,N
10699,N
4047,N
3681,N
1402,N
10712,N
5923,N
3812,N
9071,N
6489,N
1851,N
761,N
9483,N
1454,N
5275,N
6297,N
5944,N
3165,N
6683,N
3246,N
7069,N
6456,N
885,N
10693,N
11690,N
3159,Y
7798,N
5047,N
9247,N
10853,N
11501,N
4554,N
6663,N
11358,N
11785,N
4860,N
2233,N
5799,N
9334,N
7093,N
9310,N
6946,N
6304,Y
3167,N
301,N
9471,N
1365,N
3169,N
10531,N
4053,N
452,N
8207,N
7000,N
8121,N
8898,Y
3336,N
2370,N
11927,N
6357,N
10800,N
9307,N
10224,Y
754,N
11345,N
6555,N
3806,N
11352,N
1512,N
11454,N
7891,N
11698,N
5541,N
1699,N
6236,N
3546,N
7471,N
10880,N
7877,Y
6266,N
8591,N
2511,N
5604,N
4532,N
5712,N
4361,N
6851,N
2830,N
4803,N
11054,N
3164,N
4580,N
3720,N
7546,N
5746,N
8872,N
2449,N
251,N
68,Y
3924,N
6969,N
6437,Y
4188,N
10643,Y
8636,N
353,N
9567,N
5633,N
9781,N
11656,N
8870,N
2663,N
8720,Y
3494,N
6341,Y
7489,N
6614,N
2217,N
9064,N
7611,N
4205,Y
10358,N
8535,N
7698,N
10862,N
8215,N
11684,N
7490,N
2940,N
9204,N
11346,Y
7601,N
10082,N
10868,Y
541,N
6515,N
8364,N
1412,N
8109,N
11667,N
2970,N
5701,N
10577,N
4118,N
2990,N
11974,Y
3382,N
1509,N
11287,N
10309,N
4282,N
3191,N
9671,N
3965,N
4808,N
11143,Y
8442,N
7369,N
1615,N
11975,N
4244,N
3450,Y
9644,Y
10147,N
11831,N
2769,N
2868,N
246,Y
8263,N
11270,N
7478,N
5907,N
3693,N
5439,N
5438,N
1288,N
1719,N
10221,Y
1026,Y
1667,N
4862,N
11038,Y
6108,N
10211,Y
8131,N
3280,N
6027,N
4273,N
2784,N
10441,N
5802,N
8836,Y
4024,N
11470,N
8034,N
8793,N
916,N
3145,N
6213,N
6276,N
9296,N
6677,N
3586,N
11354,N
6404,Y
1958,N
8696,N
7153,N
6891,N
11778,N
4726,N
8542,N
1170,N
1374,N
11640,N
96,N
7919,Y
2020,N
7795,N
8004,N
10944,Y
867,N
2959,N
11788,N
2876,N
11066,Y
667,N
11269,Y
11997,N
9992,N
1494,N
2279,N
437,N
2036,Y
2842,Y
6824,N
4246,N
9002,N
3051,Y
5872,N
10960,Y
8724,Y
7229,N
8646,N
8685,N
4665,N
10286,N
4555,N
9478,Y
6560,N
9952,N
10417,N
10329,N
10753,N
9272,N
11777,N
1317,Y
9591,N
5128,N
9366,N
5323,N
11461,N
5718,N
3239,Y
10758,N
1767,N
4878,N
2960,N
3522,N
768,N
3868,N
2552,N
9467,N
7049,N
9492,N
800,N
7196,N
5374,N
8690,N
7149,N
10667,N
4745,N
1890,N
8071,N
85,N
1098,Y
2078,N
11391,N
6106,N
3264,N
9515,N
10913,N
9082,Y
11865,N
1813,N
3752,N
4212,N
5412,N
9099,N
3319,N
1691,N
3695,N
854,N
10407,N
5135,N
3325,N
2315,Y
11991,N
7212,N
9158,N
7306,N
2286,N
6412,N
9097,N
10333,N
6273,N
11037,N
980,N
6704,N
44,N
435,N
2916,N
8594,Y
745,N
9535,N
11265,N
778,N
1424,N
10425,N
4935,N
3561,Y
859,N
11907,N
10136,N
5086,N
2918,N
8462,Y
3553,N
4498,N
4941,N
10042,N
9231,N
8624,N
6484,N
4115,N
1875,N
4816,N
7751,N
7791,Y
9265,N
2388,N
9438,N
207,N
7783,N
153,N
11308,N
6742,N
10260,N
10811,Y
4544,N
326,N
2817,N
5833,N
11188,N
801,N
617,Y
1611,N
3778,N
9530,N
1525,N
3934,N
11494,N
5788,N
4783,Y
6885,Y
7834,N
5667,N
2978,Y
1632,N
10511,N
10996,N
345,N
8238,Y
1415,N
11781,Y
6672,N
5057,N
9317,N
4455,N
6922,N
9559,N
6145,N
10258,N
150,N
8867,N
7680,N
6480,N
1256,N
661,N
6314,N
9973,Y
2610,N
9959,N
3275,N
2764,N
3687,N
4798,N
8764,N
5999,N
1095,N
1284,N
9243,N
229,Y
9751,N
2437,Y
4966,N
7121,N
11814,N
7317,N
8781,N
5144,N
11760,N
10016,N
1329,N
1884,Y
8911,Y
7123,N
2033,N
11765,N
4308,N
6933,N
2046,N
1413,N
1638,N
4013,N
3566,Y
11383,N
7799,N
10346,N
8026,N
8954,Y
4354,N
6741,Y
851,N
8098,N
7590,N
8936,N
11237,N
1520,N
10993,N
8302,N
5901,N
7163,N
5666,N
10596,N
3550,N
10836,N
4647,N
9016,N
3229,N
3898,N
6368,N
1385,N
4434,N
4137,N
8678,Y
1428,N
1986,N
6083,N
9107,N
6664,N
9202,N
11464,Y
9443,N
9706,N
719,N
11435,N
10480,N
9302,Y
635,N
9496,N
2593,N
3112,Y
2176,N
6578,N
7901,N
1093,Y
7243,N
9882,N
3101,N
11886,N
6098,N
5838,N
8499,N
10304,N
629,N
10463,N
8808,Y
5465,N
1755,N
942,Y
7558,N
10689,N
9885,N
3759,N
342,N
1155,Y
2795,N
6967,N
8087,N
5684,Y
886,N
8163,N
8214,N
7872,Y
2239,N
9316,N
11713,N
397,N
2352,N
7818,N
8380,Y
10205,N
1762,N
5930,N
4335,N
3718,N
6508,N
4716,N
2526,N
6876,N
4081,N
3886,N
9019,N
5293,N
3923,N
4922,N
7605,N
1634,N
11067,N
6811,N
8139,N
10432,Y
932,N
1786,N
11175,Y
10798,N
3062,Y
6705,N
961,N
7652,N
10006,N
11687,Y
1578,N
11979,N
11134,N
914,N
10376,N
9625,N
7977,N
8265,N
5319,N
1157,N
3158,N
8575,N
1242,N
6841,N
1224,N
1426,N
3373,N
7411,N
10276,Y
6240,N
10644,N
11990,N
461,Y
6248,N
928,N
2838,N
10008,N
10914,N
9586,N
7781,N
8253,N
9489,N
6911,N
4666,N
8807,N
9766,N
5506,Y
6644,N
7632,N
6334,N
7178,N
6089,N
258,N
2263,N
9439,N
5124,N
6444,N
9919,N
6282,N
6237,Y
6074,N
6995,N
896,N
6417,N
10768,N
5456,N
3383,N
9572,N
5212,N
7416,N
3706,N
11731,Y
6284,Y
910,N
10340,N
5815,N
4040,Y
3343,N
2714,N
4968,Y
2326,N
5987,N
5725,Y
4733,N
10819,N
7651,N
3291,N
4820,N
346,Y
638,Y
9994,N
2743,Y
10515,N
4741,Y
1526,N
1725,Y
7665,N
2831,Y
5726,N
11204,N
8229,N
9870,N
4250,N
8440,N
1963,N
1504,N
5559,Y
10615,N
5156,Y
9829,N
3719,N
1686,N
5443,N
7291,N
6086,N
9163,Y
1531,N
8592,Y
10249,N
8312,N
10822,N
6736,N
2510,N
7170,N
8003,N
2702,N
1304,N
6139,N
9125,N
6449,N
2917,Y
11669,N
5395,N
5387,N
7355,N
318,N
11696,N
6699,N
640,N
10265,N
6930,N
3727,N
874,N
4556,N
8070,Y
8213,Y
3816,N
994,N
3226,N
5375,N
11799,N
6043,N
11107,N
11304,N
1397,N
718,N
11511,N
4870,N
4995,N
11583,N
8205,N
748,N
8514,N
9997,N
9224,N
10592,N
7120,N
9365,N
6524,N
5069,N
11594,N
75,N
6789,N
8562,N
7012,N
3563,N
7013,N
7385,Y
9627,N
6128,N
7827,N
3090,N
6998,N
523,N
3205,N
1507,Y
1176,N
2934,N
309,Y
2485,N
5298,N
6210,N
2905,N
11571,N
6259,N
6652,Y
1422,N
9759,N
237,N
564,N
5771,N
894,N
9157,N
9868,N
6007,N
1333,N
280,N
8103,Y
3754,N
2725,N
11313,Y
2835,Y
11544,N
2275,N
843,N
3116,N
8731,N
11851,N
1894,N
4032,N
7650,N
11027,N
4550,N
1812,N
10565,N
3217,N
11714,N
7283,N
2708,N
6004,N
5749,N
7732,N
10703,N
8645,N
5754,N
10772,N
10925,N
8299,N
9929,N
4636,N
9193,N
10361,N
3430,N
7378,N
3565,N
2862,N
11962,N
3286,N
7405,N
9105,N
4785,N
6103,N
408,N
8782,N
6615,N
6842,N
3875,N
8521,N
2179,N
5741,N
1607,N
3609,N
8538,N
7742,N
4429,N
6178,N
3439,N
8675,N
6510,N
9130,N
7736,N
4301,N
5897,N
1094,N
1622,N
5491,N
5613,N
2811,N
11589,N
5290,N
11477,N
4595,N
10991,N
8513,N
7374,Y
10698,N
2154,N
6081,N
5271,N
11859,N
9115,N
3670,Y
11999,N
10611,N
10367,N
861,N
8053,N
2182,N
11401,N
3658,N
1181,N
2894,Y
1036,N
5333,N
2661,N
10746,N
5205,N
4432,Y
5843,N
9772,N
2505,N
4965,Y
10373,N
272,N
5650,N
10483,N
7784,N
6635,N
5575,N
7574,N
130,N
11655,N
1195,Y
10172,N
10363,N
1777,N
10505,N
2982,N
3949,N
4454,N
10141,N
10872,N
9435,Y
4190,N
4233,Y
8137,N
3902,N
11016,N
5832,N
10004,N
7724,N
6828,N
777,N
3581,N
11329,N
5112,N
3424,N
2237,N
11184,N
6224,N
10506,Y
2106,N
105,N
6476,N
6794,N
1006,Y
6604,N
6383,N
2433,N
4989,N
6358,N
5985,N
8953,N
4238,N
9136,N
2100,N
11484,N
2000,N
1772,N
8196,N
10390,N
5099,Y
7091,N
315,N
2334,N
1724,N
4986,N
3206,Y
3551,N
1562,N
1388,N
3149,N
11295,N
8424,N
3544,N
9872,N
4610,Y
639,N
5159,Y
1633,N
8040,N
5407,N
688,N
647,N
7916,N
4656,N
3979,N
11158,N
2402,N
127,N
8183,N
4818,N
8662,N
4229,N
3220,N
9403,N
1715,Y
4528,N
2728,N
10287,N
9933,N
4450,N
11562,N
8289,N
449,Y
857,N
5147,N
8331,N
4488,Y
6463,Y
10123,N
9169,N
40,N
60,N
7774,N
1062,N
7421,N
903,N
5475,N
4702,N
1915,N
10195,N
4744,Y
11225,N
10595,N
9498,N
6625,N
11223,N
10700,N
10051,N
175,N
6649,N
7145,N
11938,Y
6035,N
2553,N
9358,Y
2733,N
8341,N
5960,N
9715,N
6049,Y
11334,N
8651,N
7852,N
1318,Y
11091,N
1348,N
11189,N
5301,N
1583,N
7107,N
1061,N
1334,N
2019,N
11555,N
8268,N
5849,Y
3305,N
9974,N
2603,Y
8277,Y
3904,N
10215,N
2482,N
8878,N
4177,N
1729,Y
1927,N
6755,N
3357,N
7125,N
11910,N
8567,N
2884,N
9338,N
1826,N
10494,N
6172,N
6822,N
4809,N
10750,N
940,N
9356,N
7254,N
4773,N
5584,N
1696,N
11393,N
6889,N
8927,N
1184,N
1620,N
10733,Y
6202,N
9454,N
8085,N
8069,Y
4524,N
849,N
4910,N
4799,N
10219,N
7284,N
5111,N
559,N
1616,Y
2013,N
4563,Y
1246,N
6767,N
7727,N
9608,N
4114,N
7871,N
2759,N
4615,Y
4952,N
4933,Y
370,N
8352,N
8074,Y
3887,N
727,Y
9895,N
9843,N
7773,Y
8333,Y
5952,N
10404,N
10320,N
5100,Y
10734,N
164,Y
5266,N
11440,N
2268,N
10486,N
10034,N
2801,N
1124,N
1394,N
1369,N
10170,N
5605,N
5626,N
6539,N
11528,N
3775,N
10151,N
5914,Y
5937,N
2906,N
10386,N
2365,N
7565,N
282,Y
4087,N
9606,N
275,N
6435,N
11144,N
5393,N
3945,Y
9828,N
6884,N
2575,N
6042,N
2972,N
11677,N
3479,N
4671,N
5377,Y
7517,Y
7870,N
2415,N
7682,Y
9698,Y
4257,Y
9094,N
9263,N
1995,N
2569,N
10456,N
3877,N
6991,Y
6760,N
4894,N
8530,N
6464,N
999,N
3147,N
11965,N
2542,N
6583,N
1035,N
8505,N
425,N
3597,Y
6353,N
9723,Y
8343,N
1081,N
759,N
8677,N
10468,N
655,N
11231,N
1579,N
2808,Y
7541,N
11949,N
11838,N
10018,N
7849,N
7397,Y
5817,N
9775,N
3028,N
8090,Y
2909,N
4529,N
2815,N
664,N
3407,N
4574,N
1694,N
154,N
7343,N
938,N
2933,N
261,N
1125,N
3588,N
10423,N
7307,N
1076,N
9487,N
10815,N
247,N
11675,N
7531,N
9991,Y
1446,N
10741,N
11584,N
155,N
3662,N
562,N
4589,N
696,N
3485,N
1643,N
3367,N
6312,N
9813,N
6468,N
672,N
624,N
1530,N
8862,N
10870,N
1645,N
10975,N
7720,N
725,N
6319,N
8837,N
6976,N
6105,N
5449,N
7575,N
731,N
4511,N
9856,N
9876,N
9252,N
1814,N
5739,N
6638,N
4629,N
6892,N
4495,N
9566,N
7519,N
5714,N
9482,N
1807,N
294,N
10691,N
6050,N
8223,N
11960,Y
9912,N
11588,N
3174,Y
4294,Y
4540,N
5462,Y
7951,N
1196,N
1049,N
8382,Y
2574,N
1320,N
8086,N
10193,N
7941,N
9761,N
7511,N
1287,N
1328,N
8902,N
8336,N
7748,N
9598,N
855,N
5005,N
2961,N
2440,N
11940,N
11988,N
5699,N
9218,N
2690,N
8929,N
4525,N
8520,N
962,N
4579,N
4438,N
7758,N
8169,N
2240,Y
9427,N
6491,N
5036,N
9114,N
8546,N
7463,N
10708,N
2421,N
7997,N
6839,N
6763,N
2133,N
913,N
2359,N
10561,N
10609,N
341,N
737,N
9527,N
10089,N
11944,N
11947,N
1765,N
5772,N
137,N
4526,N
7303,N
4961,N
2192,Y
585,N
385,N
6466,N
2806,N
11572,Y
3793,N
4237,N
6116,N
386,N
8039,N
100,N
3734,N
5234,N
5577,N
4867,N
6375,N
680,N
7143,N
3109,N
2783,N
5292,N
7160,N
2061,N
11347,N
4360,N
5877,N
211,N
259,N
904,N
5335,N
7362,N
10149,N
3967,N
11983,N
21,N
2464,N
7811,N
11078,N
3283,N
11505,N
6461,Y
9996,N
7879,N
10120,Y
8752,N
9808,N
5647,N
3619,N
6769,N
10451,N
9066,N
4568,Y
8457,N
7232,N
11421,N
1222,N
8745,N
7404,Y
10981,N
7187,N
7429,N
3792,N
7718,N
5039,N
5476,N
1551,N
3143,N
11013,N
992,N
3604,N
5472,N
9245,N
4472,N
7209,Y
8507,Y
9975,N
818,N
4914,Y
5011,N
7745,N
8602,N
3678,N
6869,Y
6816,N
3888,N
11101,N
11140,N
11169,Y
5996,N
7728,N
10718,N
8332,N
3361,N
6162,N
4376,N
10118,N
1144,Y
5415,N
4625,N
2955,N
1681,N
3921,N
8510,Y
4377,N
3323,Y
10949,N
5912,N
6538,N
11218,N
7945,N
2760,N
11111,Y
7789,N
9693,Y
7936,N
1281,N
7809,N
2816,N
1921,N
8605,N
3755,N
6746,N
2802,N
11268,N
10745,Y
3061,N
1211,N
11445,N
11515,N
8117,N
9335,N
5259,N
949,N
10589,N
2094,N
2952,N
4027,N
11848,N
1750,N
2852,N
4696,N
8701,N
8566,N
4303,N
4743,N
8043,N
11096,N
2024,Y
3937,N
2827,N
11937,N
11966,Y
10103,Y
7497,N
9039,N
5349,Y
8859,Y
9188,N
9228,N
11469,N
10464,Y
653,N
9081,N
1034,Y
5885,N
8477,N
2684,N
5233,N
7814,N
11404,N
9027,N
5995,N
2207,N
115,N
7569,N
1663,N
2810,N
9784,N
4148,N
3811,Y
11737,Y
8838,N
492,N
2454,N
4410,N
8583,N
5198,N
7426,N
1110,N
11452,N
11921,N
7017,N
3539,N
2514,N
121,N
7923,N
4778,N
5388,N
8089,N
8203,N
4480,Y
2251,N
8005,N
4703,N
1200,N
1576,N
1831,N
7082,N
6422,N
3694,Y
2546,N
5153,N
1672,N
6516,Y
3300,N
1219,N
1091,N
1938,N
4288,N
8351,N
6000,N
11793,N
5548,N
2467,N
9965,N
10302,Y
6447,N
8009,Y
6801,N
2761,Y
2469,N
7553,N
10810,Y
2925,N
276,N
262,Y
11526,Y
6451,N
7101,N
10201,N
11810,N
11769,N
5657,N
3849,N
2580,N
11804,Y
5309,N
5224,Y
796,N
4279,N
10581,Y
2284,N
4399,N
11952,N
1057,N
1436,N
3177,N
3379,N
10257,Y
9494,Y
5450,N
7260,N
6935,N
8737,N
4010,N
4930,N
4623,N
11128,N
1149,Y
3076,Y
6678,N
6829,N
11095,N
377,N
3292,N
3117,N
1955,N
2034,N
2722,Y
4173,N
4841,N
8864,N
10677,Y
5651,N
4815,N
4565,N
9889,N
6783,N
10330,N
7626,N
7019,N
11183,N
743,N
5715,N
9361,Y
4171,N
6599,N
1450,N
6906,N
9760,N
2629,N
8240,N
6843,N
2226,N
1971,N
10484,N
9254,N
279,Y
10635,N
2848,N
3413,N
10787,N
7778,N
6029,N
6986,N
6565,N
767,N
2750,N
4123,N
6150,N
6047,N
11891,N
10724,Y
8703,Y
9615,N
11980,N
11552,N
3789,N
1097,N
8466,N
8309,Y
1798,N
6137,N
7434,N
6053,N
9206,N
6071,N
9211,N
8151,N
8732,N
4596,N
11341,N
1341,N
9833,N
7563,N
7021,N
10433,Y
9573,N
3414,N
11350,N
8944,Y
11625,N
561,N
4387,Y
9830,N
6427,N
3881,Y
2183,N
4863,N
799,N
6823,N
4431,N
9555,N
4937,N
9921,N
1045,N
4576,N
3580,N
5151,N
7189,N
9259,N
2632,N
509,Y
8038,N
5876,N
5190,N
2343,N
10849,N
803,Y
7625,N
118,N
6724,N
9083,N
10473,N
2191,N
9337,N
1688,N
3017,Y
6564,N
2419,N
2202,N
2735,N
11892,N
6711,N
6980,Y
2502,N
9691,N
8589,N
269,N
3824,N
11825,N
10681,N
8579,N
6351,N
8415,N
1483,N
1604,N
1433,Y
6045,N
6189,N
11073,N
4787,N
1734,N
4790,N
11266,Y
4404,N
4634,N
8452,N
5423,N
10029,N
1522,N
3378,N
10988,N
5521,N
7395,N
8174,N
11306,N
6085,N
10261,N
2945,Y
2224,N
6378,N
2075,N
9244,N
5781,N
8986,N
4215,Y
13,N
11137,N
1871,Y
5765,N
8879,Y
303,N
11181,N
4693,N
8310,Y
5470,N
3958,N
2508,N
6840,N
4545,N
4004,N
9926,N
5189,N
4936,N
5632,N
8804,N
2788,N
703,N
2512,N
5380,N
9652,N
5381,N
6939,N
3131,N
10496,Y
1574,N
3743,N
10237,Y
2362,N
7418,N
2031,N
1792,N
7333,N
2556,Y
5837,N
4411,N
3440,N
8990,N
3457,N
5888,N
11473,N
7062,N
11005,N
5072,Y
592,N
2203,N
8114,N
6661,Y
343,N
8908,N
9057,N
4420,Y
905,Y
589,N
3974,N
10052,Y
1664,Y
9557,Y
3451,N
9533,N
6361,N
4551,N
2712,Y
9898,N
6850,Y
3040,N
8257,Y
4755,N
8691,N
2194,N
6457,N
10479,N
8206,N
5052,N
3530,Y
3639,N
1041,N
9709,N
5399,N
11674,N
9756,N
7070,Y
1004,N
757,N
747,N
6347,N
884,Y
6418,Y
10932,N
2084,N
1874,N
8126,N
7981,N
11757,Y
5246,N
8532,N
2312,N
10865,Y
8853,N
9814,N
11543,N
944,N
5006,N
7667,N
1759,N
10085,N
7960,N
433,N
8048,N
9102,N
1742,N
2395,N
10192,N
1972,N
4005,N
2302,N
1148,N
4651,N
10523,Y
10343,N
865,N
10909,N
9545,N
8686,N
7996,N
11620,N
7295,N
6011,N
10965,N
10918,N
8443,N
7168,N
6500,N
4997,N
5098,N
11132,N
4553,N
10634,N
9981,N
4827,N
3285,N
5672,N
11554,N
4054,N
1575,Y
9963,N
4180,Y
5327,N
7582,N
134,Y
2092,N
2926,N
5316,N
4397,N
4638,N
6495,N
4690,N
7921,N
3931,N
8721,N
9408,N
8067,Y
420,N
1009,N
8188,N
8819,N
9522,N
1142,N
4740,N
3277,N
2059,N
2991,N
9887,N
10200,N
2840,Y
6743,N
10995,N
4482,N
198,N
4340,N
7271,N
1966,N
3846,N
3487,N
3844,N
2601,N
9364,N
9342,Y
5586,N
1897,N
6030,N
9649,N
10907,N
6628,N
8753,N
850,Y
53,N
7690,Y
5648,N
619,N
7104,N
252,N
1660,N
10474,N
6154,N
7225,N
2937,N
2157,N
9353,N
5182,N
3874,N
483,N
3432,N
11213,N
532,N
10826,Y
2346,N
3297,N
11147,N
7115,N
4268,Y
6815,N
5875,N
9618,N
5698,N
5895,N
9589,N
11205,Y
1126,N
5623,N
11248,N
3119,N
9768,N
4839,N
10338,Y
11809,N
2823,N
2855,N
182,N
9631,N
5529,N
228,N
2672,N
8104,N
5055,N
3855,N
10252,N
4585,N
11499,Y
4094,N
7567,N
2461,N
10337,N
7533,N
9117,N
10683,N
5079,N
3732,N
2252,Y
10267,N
9497,N
2149,N
6623,N
4908,N
10232,Y
7207,N
9842,Y
11586,N
7481,N
3306,N
4291,N
1823,N
3077,N
1829,N
1285,N
2073,Y
7157,N
1248,N
7326,Y
8320,N
197,N
875,N
22,N
2481,N
2800,N
912,N
5303,N
8796,N
8700,Y
5307,N
628,N
9341,N
8951,Y
8769,Y
10546,N
7436,N
11035,Y
9446,N
330,N
2549,N
6908,Y
4041,N
11774,N
7214,Y
1982,N
11786,N
1692,Y
1537,N
7203,N
3613,N
8679,N
8755,N
11632,N
6887,N
5279,N
3890,N
3783,N
7906,N
8252,N
459,Y
9381,N
2653,N
183,N
83,N
5064,N
4234,N
1970,N
10458,Y
11155,N
10208,N
7603,N
7097,N
1047,N
7880,N
4742,N
9626,N
3531,N
3559,Y
9907,N
8756,N
1112,N
6589,Y
7423,N
3312,N
2450,N
7239,N
5902,N
3853,N
8921,N
3684,N
10411,Y
2829,N
7841,N
4239,N
6790,N
4919,N
10838,N
7731,N
9253,N
9645,N
11697,N
6720,N
3892,N
2038,N
1480,Y
3791,N
11474,N
6054,N
7298,N
1516,N
4465,N
1,Y
2886,Y
327,N
4812,N
3137,N
6052,N
7671,N
10684,N
3847,N
9962,Y
10026,N
5203,N
8478,N
7078,N
4612,N
8643,N
6021,N
10490,N
6016,N
1134,N
1577,N
3384,N
4683,N
270,N
8120,N
158,N
4686,N
5682,N
4413,N
8138,N
8342,N
6225,N
5028,N
8177,N
5966,N
3222,N
365,N
6812,N
11384,N
6280,Y
7496,N
5352,N
8702,N
3462,Y
596,N
8162,N
8101,N
9160,N
10068,N
9286,N
2746,N
1565,N
8647,N
9264,N
398,N
1975,N
9816,N
4518,Y
8628,N
5152,Y
6270,N
11059,N
10930,N
4718,N
4573,N
10253,N
895,N
5391,N
3338,Y
3832,N
8094,N
4684,Y
6691,N
6031,N
1913,N
4805,N
8947,N
7974,N
2898,N
6107,Y
1996,N
1560,Y
5540,N
9520,N
11131,N
3307,N
3464,N
5125,N
11540,Y
4616,N
9855,N
720,N
9432,N
5085,N
3187,N
8235,N
2943,N
4632,N
7947,N
11872,Y
3819,N
4248,N
1044,N
1239,N
3265,N
7475,N
4942,Y
4845,N
5041,N
4221,N
5576,N
943,N
8271,N
11614,N
1799,N
9902,N
11821,N
371,N
1391,N
11257,N
5165,N
6469,Y
1409,Y
5340,N
2204,N
6425,N
11138,N
4711,N
4959,N
4386,N
8405,N
3103,N
2846,N
3972,N
7381,N
6554,N
9678,Y
186,N
6896,N
4869,Y
3060,N
9508,N
11152,N
11180,N
2050,N
1002,N
7216,N
4459,N
8968,N
8815,N
10607,N
306,N
2122,N
7973,N
1690,N
7034,N
701,N
7332,N
2441,N
920,N
9195,N
1593,N
9049,N
1503,N
749,N
6405,N
8335,N
5639,N
9846,N
6551,N
3635,N
7447,N
1425,N
8768,Y
7301,N
4232,N
513,N
11267,N
6332,N
1051,N
1249,Y
11088,N
9523,N
6633,N
11194,Y
6634,N
11502,N
2040,N
8612,N
665,N
3415,N
5808,N
3428,N
2871,N
6123,N
7427,N
10648,N
5406,Y
2873,N
1945,N
8650,N
4204,N
1451,N
10116,N
1787,N
2820,N
11166,N
1188,N
340,Y
10786,Y
1156,N
6707,N
6501,N
10825,N
11532,Y
5636,N
10437,N
6847,N
10359,N
9035,N
8233,N
9884,N
3401,N
2499,N
4350,N
5779,N
8869,N
7800,N
1572,N
560,N
6322,N
10005,Y
5418,N
3656,N
4562,N
3776,N
2967,N
3731,N
3311,N
7721,N
406,N
5236,N
3918,N
11585,N
1834,N
10860,N
2584,N
4146,N
8831,Y
10959,N
4746,N
3490,N
652,N
8754,N
8600,Y
9068,N
10899,N
7351,N
9597,N
10169,N
358,N
6973,N
6512,N
2424,Y
6507,N
4621,N
7035,N
734,N
7699,N
5971,N
11636,Y
4355,N
1534,N
10982,N
4953,Y
2130,N
1104,N
208,Y
7014,Y
4085,Y
4006,Y
8928,N
1171,N
7279,N
9577,N
3766,N
5910,N
5427,Y
8856,Y
4852,N
1491,N
10177,N
8027,N
4766,N
6307,N
5081,N
3223,N
3916,N
8091,N
2579,N
7008,N
3751,Y
9616,N
1821,Y
6442,N
8459,Y
7458,N
5522,N
5437,N
5508,N
4946,N
5977,N
5794,N
4003,N
2935,N
5345,N
6675,N
1513,N
11310,N
1244,Y
7714,N
4715,N
1918,N
3238,Y
5496,N
3621,N
6730,Y
453,N
8938,N
6877,N
10709,N
8444,N
10113,N
7566,N
3713,N
3511,N
103,N
11707,N
4929,N
2150,N
10508,N
11012,N
9867,N
62,Y
11750,N
236,N
4379,N
4058,N
5525,N
9747,N
3207,N
5500,N
3152,N
9347,N
9386,N
8835,N
4166,Y
10603,N
180,N
3308,N
10658,N
2101,N
5863,N
583,N
5315,N
10294,N
9246,N
4586,N
8704,N
9047,N
7266,N
1546,N
4391,N
6136,N
2971,N
11889,N
5764,N
5254,N
3552,N
2257,N
4228,N
922,N
3484,N
4224,N
8200,Y
2965,N
5337,N
10861,N
11806,N
1923,N
8119,N
4893,N
6345,N
6220,N
7057,N
8416,N
4100,N
1434,N
10500,N
6063,Y
4951,N
6416,N
5286,N
7022,Y
212,N
10628,N
8777,N
1708,Y
986,N
4514,N
7963,N
7530,N
11705,N
3447,N
7359,N
4874,N
5270,N
3569,N
2727,N
5477,N
4682,N
195,N
3009,N
5950,N
1043,N
1228,N
8574,N
8950,N
4792,Y
2435,N
5021,N
5567,N
4057,N
2849,N
4297,N
2248,N
4285,N
7251,N
10416,N
8660,N
6025,N
8790,N
11097,N
11558,Y
11507,N
11663,N
2446,Y
1515,N
10978,N
5240,N
5719,N
4537,N
8330,N
1818,N
4396,N
10555,N
4780,N
6882,N
1474,N
2218,N
3055,N
3141,N
1439,N
1014,N
3290,N
2600,N
2413,N
488,N
6251,N
8893,N
8598,N
2923,N
8963,N
1082,N
10961,N
5814,N
10408,N
2602,N
8707,Y
5361,Y
7138,N
4217,Y
8398,Y
9023,N
7409,N
11425,N
10076,N
11565,N
3748,Y
4281,Y
552,Y
4921,N
5183,N
8541,N
8498,N
3651,Y
7705,N
9613,N
257,N
4907,N
4149,N
3975,N
8981,N
11234,N
7900,N
3133,N
7208,Y
7717,N
5105,N
3615,N
2177,N
5964,Y
9639,N
3385,N
4500,N
10285,N
10688,N
11028,N
7898,Y
3408,Y
4507,N
7156,N
9455,N
1802,N
11103,N
4113,N
9329,N
10564,N
9806,N
307,N
5775,N
11631,N
7016,N
2093,N
3652,N
4170,Y
3411,N
205,N
11879,N
3448,N
5461,N
2803,N
3058,Y
9964,N
989,N
4875,Y
1322,N
1552,N
9091,N
9322,N
3956,Y
9857,N
8099,N
4640,N
7515,N
9869,Y
2537,N
6340,N
5743,N
8849,N
8319,N
10305,N
8107,N
5818,N
11377,N
10837,N
6462,Y
2857,N
5538,N
4770,N
8023,N
7984,N
7007,N
8041,N
5445,N
317,N
3657,N
6603,N
7483,N
956,N
7972,N
10847,N
5736,N
1262,N
3111,Y
7747,N
8672,Y
2951,Y
3155,N
5708,N
11668,N
11513,N
7132,N
1924,N
11924,N
6717,N
9688,N
5158,N
1089,N
11280,N
7978,Y
7135,N
4979,N
2720,N
7211,N
7606,N
3099,Y
6278,Y
305,N
8421,N
10381,N
3324,N
7577,N
1046,N
10194,N
6198,N
2097,N
2897,N
11509,N
3376,N
2259,N
3289,N
5962,N
8088,N
11444,N
6411,N
4566,N
1711,N
10912,Y
113,N
7658,N
10922,N
4934,Y
5211,N
10504,N
10600,N
9232,N
9472,N
6544,N
10015,N
11307,N
4002,N
10723,N
10770,N
1022,N
70,N
7137,N
1701,N
8616,N
9977,N
7782,N
11172,N
8176,N
8228,N
8197,N
5215,N
8298,N
6104,N
5454,N
827,Y
11686,N
5058,N
8629,N
3573,Y
1591,Y
480,N
7604,N
1784,N
5518,N
6643,N
1168,N
4073,Y
5595,N
10035,N
10442,N
6594,N
11110,N
955,N
690,N
4800,N
7700,N
7739,N
11627,N
9227,N
4458,N
3213,N
2096,N
11178,N
4463,N
361,N
9414,N
4762,N
8486,N
4837,N
5026,Y
10347,N
9134,N
11412,N
10509,N
8175,N
7383,N
2915,N
7982,N
4033,N
5727,N
3054,N
3994,N
766,N
8548,N
7194,N
9425,N
3617,N
3276,N
3989,N
316,N
11994,N
8689,N
820,N
4969,N
3542,N
6506,N
8558,N
9984,Y
8572,N
6015,Y
3578,N
2615,N
6132,N
3533,N
2718,N
3600,Y
11014,Y
7598,N
7048,N
5717,Y
6268,N
5874,N
6311,Y
5927,N
10937,N
8083,Y
730,N
7263,N
5149,N
9847,N
2781,N
5436,N
1523,N
1636,N
2410,N
11447,N
7787,N
11931,N
4462,N
8078,N
5417,N
9148,N
11203,N
8187,N
900,Y
9069,N
11442,N
1270,N
2164,N
6080,N
4183,Y
9517,N
1312,N
3601,N
6467,N
3951,N
7805,N
4153,N
1108,N
4927,N
2618,N
4116,N
5561,N
7502,N
813,N
8124,N
6977,Y
5280,Y
3050,N
4561,Y
677,N
6867,N
8774,N
2798,N
2152,N
7025,N
924,N
3794,N
2086,N
11084,N
1024,N
2680,Y
5127,N
7958,N
1466,N
133,N
8130,N
1597,Y
4523,N
4758,N
789,N
8247,N
9198,N
5035,N
9116,N
11206,N
4956,N
7708,N
890,N
1267,N
4122,N
6556,N
11671,N
1697,N
9033,N
1816,N
6737,N
3736,N
8743,N
1291,N
7970,Y
4102,N
7696,Y
8379,N
5582,N
11467,N
11424,N
9917,N
4001,N
4591,N
6048,N
7039,N
10328,N
2491,N
4558,N
5700,N
8671,N
7424,N
11176,N
8445,N
783,N
3284,N
11198,N
6070,N
4814,N
9368,N
4179,N
10621,N
10748,N
1751,N
2458,N
6985,N
11897,N
1016,Y
10180,N
10377,N
2875,N
5706,N
6060,Y
478,Y
4231,N
8980,N
3710,N
6558,N
10519,Y
3655,N
7987,N
6639,Y
3403,N
4220,N
824,N
9874,N
1345,N
7663,N
11139,N
11883,N
5004,N
11338,N
9943,N
1280,N
5572,N
5997,N
5258,Y
8059,N
2341,N
7477,N
8974,N
7765,N
887,N
380,N
3993,N
11492,N
6113,Y
5070,Y
285,N
3761,Y
10641,N
7831,N
8688,Y
7358,N
7300,Y
10099,Y
8165,Y
8607,N
9576,N
5038,N
7526,N
4076,N
5819,N
5841,N
5505,N
706,N
7764,N
11453,N
595,N
840,N
8695,N
6702,N
1420,Y
9610,N
7206,N
822,N
9764,N
2858,Y
2947,Y
8578,N
6978,N
11003,Y
11402,N
98,N
11294,N
10339,N
4415,N
8370,Y
11968,Y
2159,Y
7313,N
10599,N
5688,N
1671,Y
906,Y
3421,N
8852,N
7586,Y
3723,N
4348,Y
2673,N
6434,N
2839,N
802,N
7222,N
2178,N
579,N
2756,N
6827,N
6420,N
32,Y
10854,N
1193,N
6852,N
10457,N
9444,Y
8959,N
5654,Y
2103,N
11850,N
6620,N
8613,N
7349,N
11649,N
1261,N
10324,N
5299,N
379,N
5675,N
26,N
6192,N
6250,N
3688,N
963,N
4880,N
4374,N
8231,Y
1476,N
10242,N
3995,N
10462,N
1417,N
9289,Y
6616,Y
9436,N
3800,N
9697,N
3,N
6129,N
3221,Y
11734,N
11987,Y
10820,N
4980,N
8439,Y
5174,N
7455,N
10104,N
6785,Y
5209,Y
3842,Y
4200,N
7240,N
11355,N
7624,N
8021,N
2724,N
4858,N
2195,N
9532,N
9323,N
5114,Y
784,N
6166,N
10319,Y
1630,N
10292,N
3638,N
2436,N
9178,N
11323,N
7010,N
11815,N
1979,N
7617,Y
5917,Y
3395,N
4848,N
8453,N
2859,N
2930,Y
6065,N
5622,Y
3583,N
9001,N
4797,N
11249,N
1206,N
1700,N
6624,N
7836,N
1880,N
8766,Y
8967,N
755,N
6825,N
9901,N
9968,N
58,N
8984,N
10866,Y
11878,N
10542,N
2269,Y
10492,N
348,N
9936,N
7689,N
336,N
7988,Y
6945,N
179,N
1099,N
7634,N
2328,N
11798,N
8564,N
7278,N
2987,N
6898,N
11466,N
1716,Y
3730,N
554,N
9012,Y
4111,N
16,N
11887,N
7450,N
11222,Y
2791,N
7217,N
10197,N
3952,N
5884,N
7938,Y
8847,N
5217,N
3380,Y
2185,N
6689,N
4262,Y
3352,Y
597,N
3919,N
6563,N
9468,N
2119,N
1107,N
3211,N
4174,N
1158,N
10524,N
7572,N
7227,N
9785,Y
2850,Y
10401,N
3106,N
3669,N
8372,N
614,N
10144,N
5942,N
5857,N
10250,Y
2950,N
10301,N
6279,N
10475,N
2529,N
6056,N
1208,N
9773,N
2758,N
6503,Y
2664,N
11360,N
3591,Y
10966,N
5044,N
10885,N
10624,N
3024,Y
9351,N
7730,N
11605,N
11824,N
5176,N
2137,N
4322,N
8618,N
2744,N
6581,N
1406,Y
9009,N
4414,N
2392,N
2890,Y
1601,N
3303,N
9133,N
9280,Y
1498,N
1212,N
809,N
5206,N
3069,N
6169,Y
8,N
1806,N
9583,Y
9235,N
10816,N
14,N
3926,N
11531,N
1564,N
2243,N
9940,Y
1117,N
11811,N
10482,N
3185,N
2707,N
9026,N
3469,N
3315,N
978,N
888,N
6731,N
6318,N
5178,N
10976,N
3763,N
11600,N
9225,N
6370,N
2814,N
4383,Y
3940,N
7193,Y
1852,N
11761,Y
1130,N
9428,N
9457,N
7346,N
11917,N
11654,N
3668,N
8345,N
8805,Y
1569,N
10754,N
250,N
10580,N
8430,N
11045,N
8127,N
5478,Y
5310,N
2254,N
11941,N
2442,N
9269,N
4138,N
10240,N
3648,N
11579,N
3880,Y
3515,N
8985,N
3340,N
10203,N
936,Y
2488,N
475,N
10375,N
1536,N
10449,N
4069,N
8802,Y
4691,N
3437,N
2459,N
536,N
6601,N
825,N
9609,N
9944,N
1860,N
5082,N
1878,Y
11942,N
7452,N
555,N
1639,N
464,N
8269,N
8008,N
9137,N
1032,N
3957,N
2564,N
10135,N
11896,N
11648,N
1020,N
7761,N
9373,Y
8739,N
5255,N
7261,N
6942,N
10225,N
7140,N
3915,N
7753,N
3645,N
1315,N
9657,N
1421,N
146,N
3905,Y
6611,N
8011,N
6796,N
264,Y
892,N
11409,N
8525,N
9093,N
9273,N
11616,N
5868,N
7500,N
7507,N
2404,N
1204,N
9914,N
3493,N
1707,N
3823,Y
4306,N
5200,N
7979,Y
3199,N
9831,N
2006,N
7388,N
2126,N
9470,N
3426,N
7259,N
774,N
7559,N
6295,Y
7417,N
3073,N
10231,N
9546,N
6607,N
5710,N
5023,N
11417,N
8140,N
2532,N
5504,N
5367,N
5430,N
2686,N
11920,N
4065,N
1071,Y
8897,N
5013,N
6585,N
8339,N
1140,N
5587,N
817,N
7932,N
5680,Y
56,N
4608,Y
2064,N
11200,N
5110,N
11592,Y
746,N
9103,N
7392,N
6394,N
7460,N
6241,Y
1275,N
9980,N
4406,N
6302,N
1025,Y
10630,N
8539,N
7244,N
11567,N
1482,N
1838,N
10797,N
6548,N
1018,N
870,N
8882,N
10807,N
5452,N
5297,N
7161,N
6955,Y
3309,N
10033,N
2778,N
4582,N
9080,N
930,N
8576,N
2864,N
10571,N
1349,Y
9391,N
10839,Y
11405,Y
1819,Y
2213,N
2285,Y
11450,N
9050,N
5679,N
6940,N
2304,N
8751,N
8474,N
6873,N
11382,N
3460,N
2307,N
11862,N
11770,N
5281,N
5637,Y
1339,N
6069,Y
1962,N
3509,N
3907,N
2581,N
2477,N
1143,N
3716,Y
9676,N
5404,N
9585,N
6610,N
106,N
11683,N
11004,N
4074,N
6249,N
3805,N
8148,Y
11964,Y
3470,N
2747,N
4418,N
7080,N
4046,N
2658,N
7468,N
5251,N
10702,N
2891,N
7142,N
468,Y
4144,Y
2544,N
8935,N
2169,N
5433,N
7445,N
5810,N
2595,N
4538,N
9384,N
5379,N
3969,Y
1980,N
11912,Y
1658,N
3858,Y
6568,N
240,N
10987,N
10608,N
2719,N
11895,N
7715,N
3570,N
24,N
9413,N
4828,N
9633,N
1926,N
772,N
953,N
7204,Y
1481,N
3929,N
6798,N
8664,N
9502,N
2650,N
9233,N
620,N
1592,N
6739,N
5778,N
2383,N
2944,Y
8740,Y
7885,N
9827,N
9852,N
5716,N
10663,N
7910,N
4593,N
9611,N
5631,N
1500,N
2260,N
2425,N
11244,N
11717,N
4784,Y
9794,N
5386,N
10936,Y
9192,N
3304,N
8020,N
8778,Y
2637,N
8347,Y
10578,N
11029,N
64,N
1695,N
5366,N
2127,N
10713,N
10792,N
10148,N
1237,Y
8937,N
4804,Y
1470,N
1505,Y
11168,Y
991,N
6161,N
7152,Y
10969,N
572,N
7612,Y
1408,N
11771,N
3685,N
2008,Y
2480,Y
6101,N
4265,Y
1362,N
45,N
5273,N
8007,N
9212,N
4667,N
10657,N
9048,N
1133,N
9306,N
10001,Y
11165,N
11617,N
815,N
7909,N
42,Y
1965,N
4393,N
9112,Y
1083,N
8639,Y
4503,N
7482,N
5177,N
7328,N
7950,Y
7668,N
8353,N
3240,N
5109,N
3577,Y
6752,N
9913,Y
10763,N
2460,N
6360,N
4349,Y
985,N
6879,N
1682,N
11106,N
11796,N
7384,N
8051,N
8409,N
4714,Y
7045,N
2517,N
4889,N
2172,N
11849,N
5597,N
4756,N
7685,N
6064,N
4750,N
8386,N
4464,N
2863,N
6009,N
9159,N
367,N
9894,N
4822,N
1100,N
7933,N
1240,N
5855,N
6024,N
7219,N
1293,N
1410,Y
416,N
1197,N
3879,N
883,N
4704,N
6364,N
7544,N
7681,Y
3302,N
6809,Y
8066,N
4225,N
4764,N
7536,N
7258,N
10241,N
3038,Y
8296,Y
5025,N
7469,N
11141,N
8553,N
6041,N
4494,N
11792,N
9724,N
4876,N
8413,N
5389,N
9324,Y
9629,N
497,N
499,N
6269,N
4670,N
7262,N
9121,N
8354,N
1068,N
2012,Y
1689,Y
6679,N
702,N
4075,N
2371,N
8848,N
3087,N
7677,Y
657,N
3756,Y
2393,N
9659,Y
7854,N
7361,Y
7837,N
11375,N
11428,N
5276,N
9132,N
11915,N
3768,N
11093,N
7162,N
9477,N
8285,N
10804,N
11292,N
1414,N
5160,N
9332,N
1990,N
571,Y
43,N
4444,N
5989,N
8653,Y
6795,N
937,N
267,N
1508,N
101,N
4641,N
7373,N
1709,N
9493,N
4685,N
2723,Y
1023,N
3848,N
2616,N
5610,N
4877,N
10161,N
81,Y
926,N
11753,N
6381,N
4278,N
8814,N
972,N
5119,N
11126,N
10552,N
976,N
10514,N
4011,N
3810,N
9146,Y
7959,N
7305,N
10764,N
11468,Y
2498,N
7110,Y
4018,Y
11832,N
10660,N
6680,N
11524,N
6645,N
1129,N
4957,N
1164,N
350,Y
1961,N
2711,N
8863,Y
7962,N
5963,N
29,N
3507,N
5767,N
2927,N
1589,N
1976,N
7548,N
1251,N
7357,N
2242,N
4926,N
11955,N
3643,Y
8825,N
8517,N
3107,N
2041,Y
11416,N
9120,N
5172,Y
9140,N
4351,N
4496,Y
2221,N
3287,N
8143,N
5588,N
2042,Y
3398,N
10273,N
8134,N
3817,N
7770,N
4456,N
4216,Y
9237,N
4317,N
3935,N
7832,N
9500,N
2994,N
5487,N
2047,N
4295,Y
8922,N
4539,N
2493,N
1086,N
8388,N
10547,N
11557,N
8182,N
9486,N
3342,N
2644,N
10670,N
3809,N
399,N
7023,N
2635,Y
4446,N
9025,N
4904,N
8960,N
1172,Y
4437,N
11890,N
1912,N
7749,N
9021,N
161,N
10394,N
1782,Y
11700,N
7365,N
11161,N
8356,N
11351,N
5329,N
8903,N
5786,N
4749,N
3589,N
10757,N
5607,N
395,N
5091,N
10392,N
715,N
6948,N
2867,N
2215,N
6010,N
6792,N
3837,N
5627,N
6836,N
1722,N
2069,N
11118,N
9417,N
10769,N
4802,Y
4132,N
4453,N
8437,N
6910,N
11263,N
9128,N
6100,N
2755,N
446,N
9646,N
10058,Y
8325,N
3865,Y
2501,Y
6718,N
515,N
6545,N
73,Y
7943,N
946,N
3181,N
1580,Y
9321,Y
11305,Y
2715,N
10131,N
271,N
6784,N
2506,N
7688,N
10799,N
6165,N
281,N
363,N
3310,Y
2138,N
2587,N
1486,N
1844,Y
3671,N
4084,N
10774,N
3592,Y
8270,N
2209,N
10210,Y
2197,N
3574,N
11943,N
4994,N
3538,N
10348,Y
4668,N
6252,N
1824,Y
9348,N
6392,Y
6359,N
7340,N
11601,N
7686,N
5305,N
1685,N
6229,N
8969,N
6181,N
9239,N
7077,N
7859,N
9388,N
2278,N
7150,N
7608,N
1739,Y
8913,N
3402,N
454,N
3097,N
11650,N
5080,N
6733,Y
7755,N
4167,N
1665,N
6729,N
810,N
6258,N
3883,N
7573,N
3335,N
9853,N
238,N
2787,N
2958,N
7003,Y
1830,N
7733,N
1174,N
3948,N
10019,Y
5078,N
8549,N
8799,N
209,N
1058,N
7282,Y
9862,Y
6402,N
6932,N
2329,N
3642,N
5988,N
5825,N
5823,N
4296,N
4992,N
4622,N
8427,N
10575,N
7354,N
902,N
5289,N
10013,N
4483,N
5311,N
9927,N
2607,N
9431,Y
10179,N
9279,N
6865,Y
125,N
5066,Y
8803,N
3866,Y
9893,N
9543,N
8545,N
1279,Y
80,Y
6505,Y
3203,Y
6228,N
5213,N
7210,N
3976,N
4541,N
9167,N
3452,N
4892,N
654,N
10743,N
9375,N
3947,N
5761,N
4275,N
4560,Y
6170,Y
6227,N
6527,N
5970,N
4300,N
10282,Y
4147,N
1231,N
4342,N
7304,N
3184,Y
8930,N
11142,N
11058,N
5300,Y
1037,N
5527,N
5268,N
9562,N
10855,N
11359,N
8286,N
11725,N
2401,N
1218,N
8822,N
5238,N
7336,N
5941,N
907,N
11353,N
3260,N
11488,N
9122,N
7855,N
10448,N
6199,N
879,N
9415,N
2634,N
9524,N
2010,Y
8716,N
8199,N
3920,N
9859,N
3927,N
6299,N
11672,N
4791,N
6526,N
8617,N
3821,N
9396,N
7867,Y
4679,Y
11321,N
7315,N
8528,N
9514,N
9660,N
1779,N
10270,N
4662,N
7955,N
5342,N
4460,N
6613,N
1943,Y
2305,N
7737,N
2132,N
3910,N
9985,N
6598,N
7322,Y
474,N
4330,N
8423,N
8496,N
7257,N
3813,N
8582,N
11239,Y
7408,Y
7540,N
0,N
1776,N
1053,N
10321,Y
4419,N
650,N
4151,N
9696,N
8918,N
3474,N
3000,N
5010,N
9865,N
8022,N
6775,N
3840,N
765,N
10579,Y
5451,N
11881,N
4906,N
4697,N
2407,N
4637,N
10864,N
593,N
1925,N
2049,N
9619,N
8965,N
5566,N
2530,N
6990,N
10027,N
8062,Y
4436,N
2754,N
1617,N
5598,N
917,N
6428,N
7285,N
5012,Y
6062,N
1118,Y
11489,N
622,N
11210,N
3036,N
5842,N
11081,N
8377,N
11001,N
2589,Y
9556,N
11542,N
10262,N
424,N
1602,N
5324,N
9325,N
2387,N
11508,N
2054,N
10070,N
3785,N
1337,N
575,N
547,N
3189,N
674,N
668,Y
8759,Y
6385,N
9891,N
8054,N
9207,N
948,N
526,N
7413,N
9020,N
8683,N
2160,N
5531,Y
8288,N
1967,N
10355,N
2318,N
3744,N
6929,N
5969,Y
9638,N
5059,N
6465,N
11092,Y
9350,N
9062,N
3605,N
3742,N
633,Y
3341,N
5709,N
9474,N
6696,N
7054,N
4884,N
2941,N
4442,N
11516,N
4491,N
11339,N
11388,N
7280,N
5926,Y
2324,N
4445,Y
11394,N
3985,N
86,Y
8989,N
11653,N
6846,N
1401,N
10610,Y
1896,Y
4793,N
3035,Y
410,N
9519,N
2372,N
6127,N
10801,N
10926,N
5564,N
7710,N
6854,N
2113,N
723,Y
11480,N
3454,N
2962,N
6571,N
6283,Y
7723,N
8414,Y
8943,Y
6479,N
8920,N
9793,N
5620,N
7480,N
10765,N
7438,N
2121,N
2646,Y
7821,N
9650,N
2576,N
2691,N
6970,Y
1969,N
2052,N
7159,N
8601,Y
10452,N
8305,N
10415,N
1543,N
4061,N
3540,Y
5756,N
7556,N
9861,N
740,N
10604,N
7673,N
8550,N
10545,N
8476,N
7693,N
5194,N
11478,Y
7600,N
2262,N
6595,N
6587,N
4950,N
117,N
5199,Y
8846,N
5938,Y
7144,N
368,N
10307,N
2767,N
1241,Y
2280,N
7201,N
4473,N
4083,N
7876,N
8533,N
6109,N
5346,N
8595,N
3162,Y
5265,N
4218,N
868,Y
753,Y
4320,N
11884,Y
5826,N
11744,N
8635,N
6590,N
10612,N
6155,N
5878,N
726,N
10891,Y
7506,N
184,Y
1469,N
5983,N
2238,Y
6550,N
11125,N
2085,N
4987,N
7071,N
8100,Y
9222,N
10543,N
10551,N
8293,Y
10308,N
128,N
10507,N
8711,Y
6323,N
7866,N
4267,Y
2547,Y
7808,N
6880,N
503,N
8145,N
8775,N
877,N
2545,N
3034,N
1595,N
6171,N
9665,N
8484,N
216,N
3473,N
2698,N
312,N
7917,N
8404,N
3677,N
9669,Y
6194,N
676,N
7635,N
8644,N
1327,N
10559,N
10917,N
4208,Y
10125,N
263,N
11783,N
6814,N
8438,N
4106,N
7631,N
1942,N
5653,N
4219,N
196,Y
1325,N
11797,N
2963,N
9385,N
8996,N
5611,N
9075,Y
2274,N
2998,N
422,N
6497,N
6013,N
7055,N
2291,N
4037,N
6115,N
5175,N
2642,N
1669,N
6502,N
7927,N
9090,N
6897,N
2348,N
5776,Y
4112,N
8820,N
4031,N
852,N
1573,N
11711,N
636,N
4426,N
5002,N
1457,N
11651,N
3081,N
3433,N
3176,N
10520,N
4096,N
7403,N
4043,N
7560,N
2271,N
751,N
6981,Y
9879,N
4311,N
185,N
5353,N
8886,N
4185,Y
6094,N
687,N
8957,N
8201,N
6651,N
866,N
362,Y
5513,Y
5891,Y
7653,Y
9804,N
5658,N
11396,N
2666,N
4855,N
5992,Y
6653,Y
11274,N
3543,N
673,N
10171,N
1788,N
10974,N
7762,N
10466,N
2999,N
4850,N
4902,N
3212,N
351,N
10023,N
10671,N
3908,N
9748,N
10471,N
519,N
7829,N
1721,Y
3475,N
11569,Y
457,N
6703,N
6125,Y
10729,N
3572,N
2913,N
10093,N
3614,N
1758,Y
7375,N
6436,N
2929,N
4394,N
7813,N
5824,N
1007,N
1556,N
5934,N
5690,N
6201,N
10491,N
1179,N
9267,N
3202,N
2804,N
1066,N
4924,N
3328,N
2687,N
6738,N
6525,N
5968,N
11623,N
9142,Y
8418,N
8057,N
1419,N
2340,N
3094,N
10701,N
9525,N
3528,N
9223,N
2619,Y
9255,N
7630,N
4089,Y
5534,N
11867,N
11465,N
5094,N
1993,N
5670,N
10659,N
7324,N
8142,N
9374,N
6193,N
9871,N
5692,N
5752,N
5494,N
2977,N
8044,N
7703,N
3142,N
7275,N
390,N
2298,N
1440,N
844,Y
6853,N
8900,N
10096,N
4126,N
1460,N
6180,N
3541,N
11903,N
11691,N
469,N
2954,N
3025,Y
10512,N
3011,N
4255,N
10105,N
6726,N
2872,N
7314,N
10852,N
9738,N
4091,N
4913,N
11657,N
5578,Y
7620,N
11664,N
4416,N
5250,N
643,N
6844,N
7236,N
10334,Y
6934,N
2201,N
10517,N
2703,N
245,N
8237,N
10091,N
7389,N
102,N
502,N
23,N
5866,N
8202,N
2807,N
1383,N
7539,N
5096,N
7847,Y
7085,N
392,N
3154,N
11032,N
1761,N
5544,N
9710,N
9875,N
4639,N
11330,N
1935,N
1654,N
2588,N
6761,N
8714,N
6310,N
8824,N
6395,N
1903,N
7377,Y
2353,N
7828,N
8971,N
7655,N
11130,N
763,N
10445,Y
1356,Y
3712,N
4801,N
4710,N
8891,N
3399,N
11459,N
5696,N
8473,N
2563,N
4688,N
1774,N
2490,N
10139,N
9420,N
6982,N
8346,N
7064,N
1227,N
2250,N
5646,N
2669,N
8741,N
2630,N
5703,Y
4779,Y
6870,N
5550,Y
11458,N
11246,N
8014,N
6374,N
10189,N
11688,N
9126,N
5244,N
400,Y
1198,N
8204,N
3841,N
2377,N
3476,N
8676,Y
1438,N
9172,N
9822,Y
344,N
5084,N
11762,N
2098,N
4243,Y
3996,N
6894,Y
2289,Y
6216,Y
9372,N
1822,N
9445,N
11159,Y
10767,N
8527,N
1154,Y
10780,N
7147,N
2081,N
1586,N
11349,N
1353,N
5410,N
8469,N
8554,N
10322,N
5618,N
5492,N
2470,N
11385,N
7551,N
3130,N
598,N
2497,N
6110,N
9046,N
5774,N
10897,N
3894,N
5285,N
8858,N
5661,N
11020,Y
8586,N
8449,N
9330,N
7498,N
11201,N
4375,N
1558,N
7221,N
6221,N
5512,N
1549,N
5341,N
8227,N
2780,N
9217,N
8470,N
3233,N
11114,N
9229,N
7985,N
5951,N
9679,N
2889,N
8290,N
6158,N
4851,N
10430,N
11372,N
7192,N
10766,N
6342,N
9127,N
644,N
1294,N
1917,N
7999,N
1680,Y
7464,N
7180,N
3941,N
7719,Y
11312,N
1842,N
3872,N
4807,N
6965,Y
10132,N
9787,N
3317,N
2570,Y
7942,N
9506,N
413,N
10994,N
7158,N
8948,N
683,N
136,N
11635,N
4045,N
9100,N
3033,N
10666,N
9541,Y
1435,N
7456,N
4947,N
4600,N
954,N
9213,N
5663,N
6482,N
5186,N
9297,N
10470,N
8234,Y
8146,N
3745,N
1185,Y
8917,Y
10771,N
3471,N
3453,N
1557,N
1973,Y
7593,N
419,N
8024,Y
3371,N
1310,N
4408,N
8307,N
8494,N
5330,N
9905,N
10928,N
973,N
941,N
3366,N
10777,N
3288,N
11747,N
193,N
3603,N
6206,N
1795,N
3833,N
587,N
9174,N
5371,N
5482,Y
2892,N
2639,N
8422,N
4575,Y
5484,N
1985,N
6485,N
6693,N
6968,N
10739,N
4009,N
5625,N
7318,N
4187,N
5306,Y
3059,N
10569,N
5795,N
6681,N
364,N
7124,N
6409,N
10984,N
4385,N
11419,N
10397,N
1160,N
10963,N
2736,N
6805,N
6488,N
4754,N
5295,N
1676,N
10245,Y
10664,N
11243,N
7666,N
10716,N
8801,N
8266,N
1539,N
9156,Y
2683,N
2107,N
790,N
7311,N
11868,Y
11077,N
7277,N
3611,Y
8433,N
55,N
9714,N
10998,N
9031,N
8580,Y
9587,N
11782,N
11833,N
6157,N
2689,N
4192,N
3151,N
10383,N
5649,N
5481,N
11818,N
4097,N
7476,N
5359,Y
6660,N
988,N
11117,N
1113,N
838,N
5170,N
9672,N
5948,N
6131,N
11411,Y
409,N
11748,N
11642,N
4127,N
8154,N
4395,Y
1215,N
8063,N
2936,N
11522,N
2241,N
407,N
816,N
7528,Y
10876,N
1199,N
10045,N
4963,N
5515,Y
871,N
10752,Y
9656,N
3365,N
3936,N
1998,N
2447,N
1832,N
4368,N
2175,N
6518,N
2114,N
2782,N
2299,Y
7237,N
606,N
5108,N
6486,N
2331,N
7400,Y
3502,N
9574,N
8191,Y
3623,N
1499,N
10532,N
4699,N
6770,Y
4717,N
741,N
6546,N
1207,N
6481,Y
9763,N
4776,N
10945,N
3501,Y
1781,N
10313,N
10247,N
1029,N
1888,N
4606,N
11932,N
7616,N
5893,N
8361,N
8656,N
396,Y
957,N
1845,N
11333,N
10,N
3767,N
8991,N
10606,N
5982,N
11866,N
1092,Y
7865,N
8773,N
2145,N
11624,N
1684,N
3856,N
5322,N
1506,Y
7614,N
11971,N
8318,Y
569,N
6019,N
6492,N
6779,N
10900,N
5016,N
10364,N
3136,Y
9274,N
9735,N
2412,N
5362,N
1492,N
381,N
11855,N
5168,N
4825,Y
8715,N
3699,N
8698,N
7425,N
9674,N
10217,N
5638,N
7033,N
3770,N
8497,N
11336,N
5150,Y
214,N
11746,N
6688,N
1259,N
10178,N
548,N
8241,N
4313,N
7956,N
6579,N
1873,N
9780,N
4911,N
8136,Y
7661,N
9593,N
160,N
11606,N
3067,N
9141,Y
5959,Y
1606,N
5645,N
9896,Y
5092,N
1238,N
2496,N
7105,N
1183,N
5562,N
9164,N
10934,N
426,N
11241,N
7954,N
5993,N
481,N
10244,N
7390,N
5426,N
7068,N
7816,N
1296,N
6958,N
5678,N
8868,Y
11680,N
9548,N
3121,N
8133,Y
10675,N
1771,N
6668,N
7654,N
5136,N
4484,Y
4466,Y
9205,N
5573,N
6782,N
3964,N
10761,N
2896,N
10279,N
4467,N
1463,Y
335,N
9451,N
9401,Y
2102,Y
8458,N
3193,Y
10087,N
10942,N
3049,N
6037,N
7793,N
3396,Y
10186,N
2028,N
9032,N
6191,N
6012,N
5807,N
3517,N
11950,N
8369,N
11369,N
494,N
4345,N
6365,N
4605,N
8666,N
5704,Y
9313,N
1885,N
5428,N
7568,N
7716,N
11582,N
11238,N
9663,N
9458,N
10351,Y
1153,N
5668,N
9283,N
384,N
529,N
3682,N
2609,Y
1863,N
8682,N
8779,N
3900,N
2432,N
6862,N
9995,N
7164,N
7250,N
2578,N
8446,N
172,N
417,Y
61,N
10728,N
6260,N
7179,N
9648,N
7433,N
2253,N
3209,N
4140,Y
11909,N
11898,N
8373,N
11443,N
3585,N
5007,N
8036,Y
1223,N
1876,N
1810,Y
8180,N
20,N
10296,N
3198,N
4794,N
7095,Y
8488,N
9873,N
6732,Y
7768,N
7595,N
8025,N
3912,N
2420,N
2216,N
3667,N
1399,N
2068,N
3114,N
7401,N
7310,N
4315,N
11291,N
3442,N
3653,N
6343,N
7449,Y
149,N
4107,N
6448,N
8874,N
6483,N
5239,Y
2173,N
2227,N
9461,N
2996,N
8141,N
11536,Y
11481,N
9165,N
2136,N
5313,N
6838,N
11712,N
9604,N
10000,N
3201,N
2342,N
5734,N
2337,N
9978,N
7393,N
4958,N
4044,Y
10874,N
4731,N
3822,N
2551,N
1833,N
4319,N
10297,N
2198,Y
9746,Y
8914,N
3031,Y
1371,N
11024,N
9294,Y
4059,N
9680,N
1805,N
8168,Y
11113,N
781,N
8742,N
6893,Y
9607,N
8810,Y
10389,N
9376,N
9684,N
7995,N
8559,N
4206,N
1828,N
2866,N
4336,N
5641,N
7501,N
6509,N
4421,N
4940,N
10653,N
471,Y
8385,N
1145,N
6772,N
9194,Y
681,N
4603,N
10049,N
764,N
7862,N
2562,N
1763,N
705,N
2053,N
2986,N
7772,N
4971,N
2445,N
3074,N
5773,N
10040,N
7108,N
9682,Y
4108,N
4705,N
4915,N
7537,Y
4891,N
5148,N
3545,Y
10041,N
4895,N
6187,N
8811,N
9251,N
5840,N
7969,N
11871,N
6152,N
4269,N
7775,N
11240,N
7167,N
7584,N
7619,N
9892,N
8657,N
8783,N
3358,N
6528,N
2599,N
4712,Y
8045,Y
9803,N
10487,N
1710,N
5844,N
3516,Y
7889,N
5197,N
8734,N
570,N
4381,N
8925,N
6757,N
5630,N
5722,Y
6700,N
7126,N
4650,N
3261,N
5856,N
3156,N
10550,N
2821,N
9437,N
3631,N
6959,N
8976,N
7505,N
6931,N
11220,N
1344,Y
996,N
2314,N
8866,N
7053,N
3200,N
7763,Y
2985,N
2628,N
623,N
4035,N
10886,N
3420,N
5768,N
2180,N
11787,N
4916,N
9511,N
4657,N
1628,N
7895,Y
2431,N
2090,N
5935,N
2503,N
5621,N
7004,N
792,N
239,N
6288,N
1603,N
4831,Y
3272,Y
11151,N
6608,Y
5939,N
4628,N
11568,N
9727,Y
6810,N
7472,N
5737,N
3449,N
6640,N
1105,Y
7639,N
9402,N
3127,N
5473,N
10090,N
6964,N
2264,N
6776,N
10622,N
10537,N
3625,N
3006,N
5095,N
7331,N
4049,N
8952,N
1677,N
10633,Y
9596,Y
4707,N
7957,N
10077,N
6138,N
2740,N
3477,N
5332,N
1400,N
1892,N
2129,N
9701,N
8308,N
9720,N
4501,N
6179,Y
10755,N
1464,N
6909,N
5730,N
2288,Y
8082,N
3700,N
8547,N
169,N
10353,N
3796,N
1666,N
11926,N
6148,N
10904,N
5088,N
11689,N
5222,N
7177,N
10705,N
8362,N
7538,N
8483,N
3889,N
1930,N
6820,N
3590,N
2577,N
11847,N
5921,N
7032,N
5652,N
11763,Y
8144,N
3314,N
11146,N
6631,N
355,N
6813,N
4316,Y
7760,N
7915,N
11914,N
8945,N
9041,Y
11728,N
6293,N
5758,N
10999,N
7486,N
4145,N
6403,N
2922,N
4028,Y
7907,N
3818,Y
4119,N
2022,N
9495,N
10310,Y
2303,N
2647,N
11604,N
4326,N
9407,N
4176,N
565,N
7246,N
8833,N
6745,N
11368,N
10050,N
4266,N
5398,N
1314,N
2434,Y
3389,Y
11791,N
10160,N
642,N
10271,N
3270,N
10481,N
9278,N
2219,N
10544,N
4152,N
265,N
6032,Y
1796,N
4103,N
10629,Y
8441,Y
11733,N
10025,N
8910,N
1497,N
1905,N
1496,N
4982,N
224,N
11252,N
1854,N
3571,N
10980,N
11483,N
6400,Y
11236,N
6306,N
223,N
10587,N
360,N
8609,N
3867,N
9045,Y
7200,N
11948,N
11370,N
2327,N
9507,N
693,N
3834,N
11064,Y
3497,N
11813,N
4890,N
553,N
4619,N
9888,Y
7637,N
3208,N
299,N
6294,N
8260,N
518,N
3045,Y
11541,N
8659,N
2474,N
7415,N
9287,N
7882,N
5419,N
2297,N
830,N
1307,N
439,N
7122,N
9798,N
10576,N
6734,N
7711,N
10382,N
1568,N
5116,N
2080,N
8710,N
9109,N
9216,N
9054,N
10783,N
3750,N
9750,Y
6460,N
9485,Y
7648,N
2083,N
2685,N
9410,N
537,N
3702,N
8890,N
10236,N
3795,N
1127,Y
8406,N
2063,N
10923,N
10100,N
7041,N
4673,N
6692,N
8079,N
6695,N
2235,N
5537,N
4499,N
3129,N
1882,N
5711,N
11561,N
9776,N
11276,N
5312,N
11973,N
2507,N
49,Y
11693,N
10107,N
7174,N
4019,N
8857,N
3674,Y
39,N
347,N
11724,N
10477,N
6175,N
9704,N
11190,N
10185,N
9256,Y
8787,N
